,#05988a
Ian Molton,#f5dbbc
Anssi Hannula,#ef8f1d
Dhananjay Phadke,#f5dcbe
Ryan Mallon,#9ed4cf
Jacek Anaszewski,#f5e2cb
Zhicheng Fan,#f5e1ca
Xiangliang Yu,#49b3a9
Golan Ben-Ami,#f1ad5b
Jonathan Richardson,#009688
Hanumath Prasad,#f09d3a
David Stevens,#f2b46a
G.Shark Jeong,#b9dfdb
Daniel Ritz,#f2b771
Balazs Scheidler,#f7f4f0
Tetsuo Handa,#49b3a9
Javier Achirica,#009688
Slava Grigorev,#f0962c
Thomas Hellstrom,#bee0dd
Xinming Hu,#06988b
Rik Snel,#009688
florian@mickler.org,#71c3bb
Shashidhar Hiremath,#009688
Milo Kim,#009688
Nicolas Royer,#ef8e1b
Y Vo,#009688
Mengdong Lin,#f6f0e9
Dinesh Ram,#67beb6
Mattias Wallin,#009688
Jochen Schweflinghaus,#f4d1a8
John Rose,#f0972e
Seth Levy,#f5e3ce
Chris Metcalf,#f5e0c6
Tomoya MORINAGA,#0f9c8f
Matt Mackall,#009688
Jie Liu,#ef8c17
Vasu Dev,#f6e8d8
Dmitry Eremin-Solenikov,#f7f6f5
Henrik Austad,#f3bd7e
Damian Hobson-Garcia,#f09c38
Aneesh V,#66beb6
Solomon Peachy,#009688
Alexander Viro,#009688
Neil Jones,#009688
Denys Vlasenko,#009688
Russell King,#c5e3e1
Eric Miao,#f4d5b1
Takeshi Kihara,#62bdb4
Suzuki K. Poulose,#7bc6bf
Hollis Blanchard,#d1e8e6
Ben Peddell,#009688
Julien Grall,#f6efe5
Robert P. J. Day,#009688
Mikael Starvik,#f09a34
Daniel Kalmar,#3caea3
Valentina Manea,#f2b368
Mark Lord,#f6f0e8
Robert Shearman,#f5d8b6
Andres Salomon,#009688
Sebastian Andrzej Siewior,#f2b874
Bob Pearson,#009688
Dag Arne Osvik,#009688
Luca Ceresoli,#f3c38b
Yin Kangkai,#009688
Janice M. Girouard,#4eb5ab
Jesse Brandeburg,#f2b670
Giuseppe CAVALLARO,#f1a246
Dirk Brandewie,#ee8100
Michael Heimpold,#009688
Kristina Martsenko,#ebf2f2
Moore Eric Dean,#ebf2f2
Kei Tokunaga,#009688
Rajanikanth H.V,#7bc6bf
Rusty Russell,#f0a144
Kenneth Heitke,#9dd4cf
Liviu Dudau,#9ad2cd
Nicholas Beck,#deedec
Markus Armbruster,#009688
Jeremy Higdon,#009688
Phil Sutter,#009688
Stephane Viau,#f7f4f1
Kiyoshi Ueda,#75c4bc
Falk Hüffner,#65beb5
Brian Gerst,#009688
Chanho Park,#009688
Jon Smirl,#3bada3
Dave Gerlach,#009688
Jamie Iles,#67beb6
Lin Ming,#f2b165
Julien Boibessot,#009688
Sherman Yin,#89ccc6
Rob Landley,#009688
Alexander Bersenev,#bee1dd
Renaud Cerrato,#009688
Bhanu Gollapudi,#1ba194
Alexander Yarygin,#f1ab58
Jürgen Schindele,#009688
Mark-André Hopf,#73c3bc
Matti J. Aaltonen,#009688
Stefan Ringel,#009688
Daniel Kiper,#f4cfa3
Jan Glauber,#f7f6f6
Brandon Philips,#f09d3b
Namjae Jeon,#6cc0b8
Michel Lespinasse,#009688
Mike Travis,#f3c58e
Prashant Gaikwad,#f0972d
Harrison Metzger,#81c9c2
Sam Hocevar,#009688
Benoît Thébaudeau,#009688
Dmitry Lavnikevich,#009688
Tobias Klauser,#009688
Florian Echtler,#f2f5f5
Tiger Yang,#6fc2ba
Shobhit Kumar,#009688
Gwenhael Goavec-Merou,#009688
Daniel Borkmann,#33aa9f
Tai-hwa Liang,#25a599
Thomas Renninger,#30a99e
Michał Mirosław,#dbecea
Yevgeny Petrilin,#f1ac5a
Oliver Endriss,#ef8c18
Geoff Levand,#f3c389
Patrick Gefre,#009688
Vinh Nguyen Huu Tuong,#e8f1f0
Paul Handrigan,#009688
Shaohui Xie,#0b9a8d
Grégoire Baron,#e0eeed
Dave Airlie,#82c9c3
KaiGai Kohei,#f5d8b5
Miao Xie,#f6ede2
Juergen Beisert,#f4cfa2
Oskar Andero,#009688
Frank Rowand,#e0eeed
Sebastian Reichel,#009688
Mikhail Kouzmich,#ef8d1a
Hongbo Zhang,#009688
Joseph Cihula,#009688
Yann Droneaud,#009688
Benjamin Matthews,#f0a244
Paul Cercueil,#009688
Jeongtae Park,#f7f4f2
Jayamohan Kallickal,#99d2cd
Olivier Sobrie,#009688
Maxim Levitsky,#93d0ca
Joe Stringer,#8dcdc7
Richard Cochran,#77c5bd
Jussi Kivilinna,#f6e7d5
Andrew Chew,#009688
Andy Grover,#ef880f
Jimi Xenidis,#b4ddd9
Sergej Sawazki,#009688
Or Gerlitz,#6fc2ba
Vincenzo Frascino,#009688
Claudio Nieder,#009688
Madhusudhan Chikkature,#f2ba78
Sjoerd Simons,#f2b062
Ilya Ledvich,#009688
Stefan Schmidt,#149e91
jassi brar,#ef9427
Alexandru M Stan,#009688
Ben Gardner,#cee7e4
Ash Charles,#009688
Shen Feng,#c0e1de
Hannes Frederic Sowa,#009688
Sam Ravnborg,#f6e4cf
Clay Haapala,#009688
Pavel Roskin,#f0f4f4
Kalle Jokiniemi,#f1a851
Jason Uhlenkott,#f4d4ae
Guoqing Li,#ee8303
PJ Waskiewicz,#f3c690
Aviv Greenberg,#009688
Romain Goyet,#f4d0a6
Ian Munsie,#f2b872
Thomas Langer,#1fa296
Luca Santini,#f6e7d6
Michael Krufky,#f5dcbf
Jin Yao,#bee0dd
Tao Ma,#f2b46a
Diana Craciun,#f3c185
Clark Williams,#f4cb9b
Dick Streefland,#009688
Weike Chen,#009688
Thomas Richter,#009688
CQ Tang,#ef8d1a
Alexander Popov,#009688
Frank A Kingswood,#009688
Nicholas Mc Guire,#3aada2
Don Skidmore,#9fd4cf
Balaji T K,#009688
Becky Bruce,#009688
Alexey Ishchuk,#f3bd7d
Bin Gao,#009688
Ezequiel Garcia,#78c5be
André Goddard Rosa,#009688
Yishai Hadas,#5ebbb2
Matteo Croce,#009688
Masayuki Ohtak,#009688
Jerry Chuang,#9fd5d0
Gleb Natapov,#f4d6b2
Micky Ching,#78c5be
Calin A. Culianu,#009688
Matti Vaittinen,#99d2cd
kxie@chelsio.com,#2fa99d
Benjamin Romer,#f4d4ae
Seung-Woo Kim,#43b0a6
Eduardo Valentin,#f3c690
Mitsuo Hayasaka,#009688
Frank Mori Hess,#33aa9f
Hongzhou Yang,#ef9223
Robin Gong,#a9d8d4
Nathan Lynch,#f0a142
Cristina Opriceana,#77c5be
Wesley W. Terpstra,#009688
Diego Giagio,#f5d7b3
Eliezer Tamir,#009688
Matteo Facchinetti,#009688
J. German Rivera,#f0982f
hongbo.zhang,#d6eae8
Herton Ronaldo Krzesinski,#f7f1eb
Shaveta Leekha,#f5e2cc
Lars Persson,#a8d8d3
Yusuke Goda,#e6f0ef
Ondrej Zary,#ef8e1b
Takahiro Hirofuchi,#ef8910
Daniel Silverstone,#4bb3a9
Ralph Siemsen,#b4ddd9
Simon Glass,#009688
Jean-Francois Dagenais,#f3c792
Sebastian Capella,#009688
Xianglong Du,#009688
Teodora Baluta,#f0972f
Vivien Didelot,#f6eee5
Andreas Herrmann,#009688
Greg Ungerer,#f6eadc
Komal Shah,#009688
Martin Peres,#f3be81
Hartmut Birr,#009688
Mimi Zohar,#f1ab57
Florian Tobias Schandinat,#ef8d1a
Asai Thambi S P,#f2bb79
Mattias Nilsson,#8dcdc7
Greg Kroah-Hartman,#f0a244
Taku Izumi,#81c9c2
Dirk Behme,#f5d6b3
Ralf Baechle,#ee8509
Holger Dengler,#95d1cb
Milan Broz,#d2e9e6
Kalhan Trisal,#009688
Takenori Nagano,#8ecec8
Alexander Block,#badfdc
Alexey Brodkin,#ef8c17
Mohamed Abbas,#87cbc5
Jiri Olsa,#79c5be
Arik Nemtsov,#f1ae5e
Daniele Lacamera,#009688
Arve Hjønnevåg,#f1a750
Oliver Hartkopp,#f1a54c
zhengxing,#1aa093
Clément Vuchener,#afdbd7
Fred Isaman,#169e92
Alexandre Bounine,#5cbab1
Jan-Benedict Glaw,#009688
Yoshiji Amagai,#3aada2
Adrian McMenamin,#009688
Dennis Aberilla,#009688
Oren Duer,#f4d2aa
Grazvydas Ignotas,#009688
Guan Xuetao,#e3efee
Jan-Simon Möller,#f6eee5
Luotao Fu,#009688
Kevin Hilman,#f2b267
Emmanuel Grumbach,#ecf2f2
Jeffy Chen,#50b6ac
Yulia Vilensky,#009688
Steven J. Hill,#ef8c17
Michal Miroslaw,#3caea3
Bastian Blank,#009688
Tomas Winkler,#f4ca98
Dave Hansen,#009688
Vladimir Ananiev,#f6eadc
Amy Maloche,#009688
Andy Gross,#009688
Bjorn Helgaas,#009688
Lev Babiev,#009688
Xie Xiaobo,#009688
Thiébaud Weksteen,#f5e1c9
Scott Branden,#f3bf82
Sergey Lapin,#009688
Kevin Lloyd,#f6eee4
Sourav Poddar,#009688
Nikolaus Voss,#009688
Joshua Cov,#009688
Bob Copeland,#d2e9e6
Byron Bradley,#009688
Stephen Street,#ecf3f2
Xiaoyan Zhang,#f1ae5e
Lai Jiangshan,#009688
Vincent Abriou,#25a498
Petr Stehlik,#f3c288
Ferruh Yigit,#f1af60
Tapio Laxström,#009688
Manjunatha Halli,#9dd4cf
David Eriksson,#009688
Jim Keniston,#009688
Marcelo H. Cerri,#f4cd9f
Vineet Gupta,#f1a54c
Johnathon Harris,#009688
Chunfeng Yun,#ef9326
per.dalen@appeartv.com,#009688
Adam YH Lee,#009688
Arne Jansen,#f3c287
Alan Jenkins,#f6efe6
Andy Lutomirski,#f1ae5d
Philip Langdale,#009688
Huang Rui,#f5e2cc
K. Y. Srinivasan,#009688
Alexander Sverdlin,#69bfb7
Antonio Ospite,#f0a040
Taeung Song,#f4d3ab
Chao Xie,#009688
Sven Anders & Marcus Junker,#009688
Nicolas Palix,#7ec7c1
Jamie Lenehan,#009688
Ankit Jain,#009688
Sven Eckelmann,#f1a347
Junghak Sung,#f2bb79
Kwangwoo Lee,#f2b063
Yoshihiro Shimoda,#67beb6
Ola Lilja,#f5dabb
Stanislav Samsonov,#f5dbbc
Kishon Vijay Abraham I,#ee8508
Alberto Mardegan,#009688
Jens Freimann,#f6e7d6
Pete Delaney,#ee860b
Aurelien Jarno,#009688
Peter 'p2' De Schrijver,#009688
Vikas Chaudhary,#f3bc7c
Dmitry Lifshitz,#009688
Ferenc Havasi,#65beb5
Imre Kaloz,#66beb6
Alexandre Belloni,#f2bb7a
Fabio Estevam,#009688
Werner Johansson,#d9ebe9
Cedric Bregardis,#e0eeed
Sean Cross,#0b9a8d
Huacai Chen,#f5e1ca
Shaik Ameer Basha,#34ab9f
Sylwester Nawrocki,#34aba0
Ondrej Zajicek,#c5e3e0
Dimitris Michailidis,#f2b164
Ken Cox,#f1af5f
Aaro Koskinen,#009688
Simon Guinot,#009688
Cong Wang,#abd9d5
J Keerthy,#f1aa56
Denis Kirjanov,#f4d0a6
Aleksey Babahin,#009688
Crane Cai,#009688
Masahide NAKAMURA,#f1aa55
Peter Huewe,#ef8b14
Avri Altman,#009688
Simon Horman,#f7f3ef
Alexander Mezin,#009688
Amitkumar Karwar,#009688
Török Edwin,#70c2ba
Michel Dänzer,#f6e9da
Max Schwarz,#ef8911
Sri Deevi,#f3c58e
Andreas Gruenbacher,#f2b369
Venkatesh Pallipadi,#009688
Kenny Mathis,#f09f3f
Andy Fleming,#f6eadc
Kevin Hao,#149e91
Olaf Hering,#009688
Muralidharan Karicheri,#f2bb7a
Wingman Kwok,#7fc8c1
Stefan Kriwanek,#009688
Cyrille Pitchen,#009688
Miloslav Trmac,#009688
Ralph Campbell,#7dc7c0
Thomas Sujith,#009688
Jeff Kirsher,#f3c084
Bernhard Weirich,#f5d7b4
Thomas Winischhofer,#67beb6
Alex Kelly,#009688
R Sharada,#009688
Markus Bollinger,#3fafa4
Joel Fernandes,#cae5e3
John Linn,#f09931
Zach Brown,#f1ad5c
Vivek Mahajan,#009688
Xianghua Xiao,#ee870d
Josh Boyer,#eff4f3
Mike McCormack,#55b7ae
Naveen Krishna Chatradhi,#009688
Arun Murthy,#08998c
Peter Korsgaard,#ef901f
Jan Schmidt,#b4ddd9
unsik Kim,#f2b772
Dave Gordon,#009688
Jan Harkes,#4eb5ab
Feng Kan,#009688
Tim Harvey,#f4cea0
Takashi Yamamoto,#f2b873
Ricardo Ribalda Delgado,#009688
Peter Griffin,#f1ad5c
Daniel Baluta,#f1a64c
Ladislav Michl,#f7f2ed
Neil Zhang,#28a69a
Tom Haynes,#81c9c2
Loc Ho,#f0a142
Christer Weinigel,#009688
Ariel Elior,#f1aa56
Christian Ohm,#009688
Chris Elston,#f6efe6
John Levon,#f5daba
Dave Young,#f4cfa4
Robert Love,#8ecec8
Beomho Seo,#009688
Kartikey Mahendra Bhatt,#009688
Michal Dobes,#f1a348
Edgar Hucek,#009688
Eli Carter,#f5d7b3
NeilBrown,#a2d6d1
Jason Liu,#009688
Fan Du,#009688
Paul Thomas,#009688
Paul Clarke,#009688
Ameya Palande,#009688
Yasuyuki Kozakai,#d2e9e6
Gaurav Minocha,#009688
Gabriel Fernandez,#009688
Matthias Fuchs,#f3f5f5
Robert Hancock,#f2b873
Vimal Singh,#009688
Giuliano Pochini,#a7d7d3
Paul Jackson,#b6deda
Markus Brunner,#f3c186
Stephen Evanchik,#009688
Tobias Doerffel,#f5dcbe
Josef Gajdusek,#f6ecdf
Rafi Rubin,#4fb5ab
Johan Hedberg,#009688
Jonathan Woithe,#bde0dd
Markus Reichl,#009688
Vasanthakumar Thiagarajan,#f1a348
Davidlohr Bueso,#f1a64e
Vladimir Zapolskiy,#009688
Thomas Bogendoerfer,#6ac0b8
Rashmica Gupta,#f5dcbe
Willem de Bruijn,#f6e4d0
Hirofumi Ogawa,#27a599
Yauheni Kaliuta,#b5ddd9
Madhuranath Iyengar,#ef8b14
David Gibson,#a6d7d2
HighPoint Linux Team,#009688
Joseph Lo,#f5e0c8
Chris Leech,#ee8304
J. Bruce Fields,#f5dbbd
Eric Bénard,#009688
Philipp Reisner,#f5d9b9
Will Newton,#ee870c
Grant Coady,#b2dcd8
Divy Le Ray,#70c2bb
Matthias Benesch,#cae5e3
Hu Tao,#009688
Kristen Carlson Accardi,#009688
Tapasweni Pathak,#7fc8c1
Ajay Kumar Gupta,#f3c793
Kedareswara rao Appana,#f1a64d
Qiao Zhou,#009688
Brent Casavant,#009688
Christof Schmitt,#f09d3b
Till Harbaum,#009688
Roland McGrath,#ee8304
Jonathan Brassow,#ef901f
Prashant P. Shah,#009688
Raghu Vatsavayi,#e7f1f0
Gaku Inami,#f09a35
Aruna Balakrishnaiah,#64bdb5
Jean-Jacques Hiblot,#009688
Vladimir Dronnikov,#f4cd9f
Imre Deak,#ef9223
Gabor Juhos,#f6e7d5
Nadia Derbey,#2fa99d
Michael Lawnick,#f1a449
Sjur Braendeland,#9cd3ce
Kalle Valo,#c5e3e0
Alexei Starovoitov,#009688
Julian Anastasov,#f6e5d2
Duc Dang,#eef4f3
Tim Sell,#f5ddc1
Frans Pop,#f5dbbd
sfking@fdwdc.com,#4eb5ab
Anirban Chakraborty,#c1e2df
Peter Warasin,#4eb5ab
Aapo Tahkola,#e0eeed
Philippe Rétornaz,#009688
GuanXuetao,#31a99e
Durgadoss R,#aedad6
Charles Keepax,#f6eee3
Thierry Escande,#badfdb
Jani Nikula,#f3be81
Jean Tourrilhes,#77c5be
J.R. Mauro,#f4f6f6
Grant Likely,#f3c792
Xing Zheng,#009688
Krystian Garbaciak,#ef8e1b
Timur Tabi,#009688
Domen Puncer,#73c3bc
Bernhard Walle,#009688
Huang Xiong,#f3f6f5
Rajiv Andrade,#009688
Gao feng,#f0f4f4
Haixia Shi,#f09529
David Chinner,#0d9b8e
Vinayak Holikatti,#72c3bb
liang xie,#f09933
Rodrigo Vivi,#f1a44a
Mans Rullgard,#009688
Christian Gmeiner,#009688
Vipul Kumar Samar,#66beb6
Bartlomiej Sieka,#149e91
Thomas Pedersen,#40afa5
Marcel Ziswiler,#009688
Sebastian Haas,#f7f5f3
Jon Loeliger,#009688
Stuart Lynne,#009688
Dominik Brodowski,#f2b873
John Daiker,#009688
Akira Takeuchi,#2fa89d
Aurelien Jacquiot,#e2efee
Steve French,#f3c896
Koro Chen,#4ab3a9
Thomas Huehn,#f3c38b
Mathias Krause,#f5e0c7
Horms,#f2f5f5
Kevin Strasser,#009688
Brian Haley,#009688
Krzysztof Piotr Oledzki,#009688
Jaewon Kim,#009688
James Simmons,#f09b36
Alasdair G. Kergon,#65beb5
Carolyn Wyborny,#f09c39
Dan Murphy,#f6e9da
Thomas Kunze,#dceceb
Sebastian Siewior,#f0962d
Alexey Dobriyan,#c7e4e1
David HÃ¤rdeman,#f3bd7e
George Zhang,#73c3bc
Martin J. Bligh,#009688
Karen Higgins,#f4ca98
qipeng.zha,#f5dec3
Søren Andersen,#f5ddc1
Vince Hsu,#9fd4cf
Richard Alpe,#009688
Jiri Pirko,#e6f0ef
Ching Huang,#f6e5d2
Antonino A. Daplas,#009688
Sonic Zhang,#009688
Koki Sanagi,#f1a64e
Sean Nyekjaer,#f1a852
Nikhil Rao,#20a396
Rabin Vincent,#f6ede2
Keshava Munegowda,#009688
Steven Rostedt,#f5e3cd
Joern Engel,#f2b975
Yu Zhao,#f6e8d8
Theodore Ts'o,#ee880e
Wang Qiang,#009688
Mike Sinkovsky,#009688
Dmitry Kasatkin,#83cac3
Christian Hohnstaedt,#009688
Alex Thorlton,#009688
Justin Chen,#009688
Guennadi Liakhovetski,#f2b873
Steve Best,#009688
Ludovic Tancerel,#a9d8d4
Ivo van Doorn,#009688
KAMEZAWA Hiroyuki,#009688
Matt Helsley,#4bb3aa
Saurabh,#009688
Yendapally Reddy Dhananjaya Reddy,#009688
Matias Bjørling,#009688
Arvind Bhushan,#badfdc
Suman Anna,#f4cd9f
Manish Chopra,#5ab9b0
Anish Bhatt,#96d1cb
Rod Whitby,#009688
Ashish Chavan,#f7f3ee
Richard Röjfors,#f5dec4
Nobuhiro Iwamatsu,#ef8e1b
David Wong,#009688
Michael Cree,#ef901f
Valentin Sitdikov,#2fa89d
Inki Dae,#39aca2
Hal Rosenstock,#f5dec3
Ard Biesheuvel,#f1a44a
Jose Alberto Reguero,#4db4aa
Jie Yang,#f1a74f
Iyappan Subramanian,#f7f6f5
Rafał Miłecki,#5dbbb2
Joerg Roedel,#009688
Robert Dolca,#b1dcd8
Aristeu Rozanski,#009688
Alexey Klimov,#f7f2ed
Peter Crosthwaite,#009688
Konstantin Sinyuk,#f1a953
Federico Simoncelli,#129d90
Chris Zhong,#f09831
Johannes Thumshirn,#009688
Martin Kepplinger,#b8dedb
josh.h.morris@us.ibm.com,#c8e5e2
Juergen Gross,#9ad2cd
Madhulika Madishetty,#009688
Hante Meuleman,#f0972e
Sakthivel K,#f09f3e
Pierre Ossman,#c1e2df
Carlos Puchol,#86cbc4
Woody Suwalski,#009688
Ivan Khoronzhuk,#f4d6b1
Martin Sperl,#f09c39
Suneel Garapati,#badfdc
Oleg Nesterov,#009688
Stuart Menefy,#7fc8c1
Ralf Bächle,#f7f7f7
Jarkko Nikula,#f1a245
Caz Yokoyama,#f09e3e
Denis V. Lunev,#f5dcbe
Stuart Hodgson,#f3c793
Dhaval Giani,#009688
Ksenija Stanojevic,#f7f2ee
Stephen Hemminger,#afdbd7
Jun Nakajima,#f09a34
Milosz Tanski,#b6deda
Marin Mitov,#f6eee5
Yani Ioannou,#009688
Malcolm Priestley,#f5dbbd
Kyungsik Lee,#f7f4f0
Jukka Rissanen,#f09b36
Hiroshi Shimamoto,#f3c690
Sheng Yang,#f3c793
bart.hartgers@gmail.com,#09998c
Scott Wood,#66beb6
Boaz Harrosh,#27a59a
Sudarsana Kalluru,#32aa9e
Jan Beulich,#f0952a
Raphael Assenat,#009688
Jerone Young,#2da89c
Palash Bandyopadhyay,#f0962c
Ben Collins,#f09f3f
Raffaele Recalcati,#009688
Mark Zhan,#009688
Patrick Ohly,#ef9325
Willy Tarreau,#009688
Michael Holzheu,#009688
Sven Brandau,#009688
Flora Fu,#3caea3
Vlad Zolotarov,#f2b874
Jassi Brar,#a7d8d3
Riku Voipio,#009688
Markos Chandras,#f6e9da
Ben Guthro,#f1a851
Jorge Eduardo Candelaria,#009688
Vishnu Patekar,#ef8d19
Rajendra Nayak,#009688
Chris Rorvick,#009688
Daniel Jeong,#e1eeed
Shreyas B. Prabhu,#009688
Liu Junliang,#b9dfdb
Filipe David Borba Manana,#f6f7f7
Greg Howard,#79c6bf
OGAWA Hirofumi,#c4e3e0
Lennert Buytenhek,#f5dec3
Arun Parameswaran,#f5dec3
Hugh Dickins,#009688
Tomasz Nowicki,#e1eeed
Saurabh Tangri,#f2b975
Stanislaw Gruszka,#6ac0b8
Venu Byravarasu,#29a69a
Nikolay Aleksandrov,#87cbc5
David Cohen,#f09c38
Tim Blechmann,#f3c793
Eytan Lifshitz,#95d1cb
Alain Knaff,#009688
Dave Kleikamp,#f2bb7a
Daniel Dressler,#f2b46c
Yang Yingliang,#009688
Jon Hunter,#aedad6
Priit Laes,#009688
Daniel Mack,#9fd4cf
Vince Bridgers,#f7f3ef
YD Tseng,#009688
Don Mullis,#009688
Jungseok Lee,#d1e8e6
Mats Randgaard,#28a69a
Lior David,#f09f40
Josh Stone,#009688
Hariprasad S,#f7f2ee
Adam Bennett,#009688
Carlos Eduardo Aguiar,#009688
Horia Geanta,#009688
Federico Vaga,#f5ddc1
Alexander Duyck,#f3be7f
Freddy Xin,#ef8f1d
Hebbar Gururaja,#009688
Randy Vinson,#009688
Oliver Neukum,#009688
Linus Lüssing,#009688
Dmitry Kravkov,#2ea89d
Michael Trimarchi,#009688
Lauri Leukkunen,#f6e7d6
Pierre-Louis Bossart,#74c4bc
Jan Luebbe,#f5daba
Hidetoshi Seto,#f6e7d6
Mickaël Salaün,#f5ddc0
Matt Porter,#009688
Mathieu OTHACEHE,#25a599
George Cherian,#169f92
Shengzhou Liu,#f5f6f6
Lv Zheng,#f0a041
Ilya Dryomov,#9ed4cf
Christian Gromm,#4eb5ab
Jiri Slaby,#eaf2f1
Christian Ruppert,#f7f5f4
David Hollis,#f6e8d7
Omair M Abdullah,#f6eee4
Adam Thomson,#23a498
Mijhail Moreyra,#d5eae8
Sebastian Hesselbarth,#c6e4e1
Bjoern Jacke,#f1aa55
Douglas Gilbert,#009688
David Woodhouse,#6fc2ba
Neil Armstrong,#009688
Souvik Kumar Chakravarty,#009688
Changhwan Youn,#009688
Markus Mayer,#f3c794
Maciej Sosnowski,#129d90
vikram pandita,#009688
Ilija Hadzic,#ee860a
Alexey Korolev,#92cfc9
Preeti U Murthy,#009688
Joe Thornber,#59b9b0
Daniel Walter,#4ab3a9
Jonthan Brassow,#009688
Larry Finger,#f6eee4
Lothar Wassmann,#83c9c3
Duson Lin,#bbdfdc
Mike Shuey,#edf3f2
Michael Barkowski,#009688
Qais Yousef,#c2e2df
Kai Bankett,#f5ddc0
Andrew Isaacson,#eef4f3
Marcin Wojtas,#009688
Justin van Wijngaarden,#119d90
George Joseph,#009688
Chris Wilson,#f1ad5c
Jesse Gross,#f4d2aa
David Ward,#f6f7f7
David Schleef,#71c2bb
M. Mohan Kumar,#f3c58f
Stuart MacDonald,#84cac3
Koji Sato,#f09d3b
Jason Wessel,#f3c186
Santiago Leon,#e9f2f1
Kevin Corry,#009688
Claudio Leite,#009688
Tristram Ha,#a2d6d1
Martin K. Petersen,#40afa5
Eric Paris,#40afa5
Thomas Abraham,#e8f1f0
Lennart Poettering,#f09831
Eric Rost,#35aba0
John Fastabend,#f3be80
蔡正龙,#7ec7c1
David Henningsson,#009688
Siarhei Siamashka,#009688
Josef Bacik,#54b7ae
Tias Guns,#009688
Keika Kobayashi,#009688
Dave Jones,#f5ddc0
Liu Yu,#1ca195
David Zhang,#09998c
Devin Heitmueller,#ef9428
Jeroen Vreeken,#1ea295
Steven J. Magnani,#06988b
Brian Lilly,#009688
Tim Small,#009688
Vivek Goyal,#009688
Boris Brezillon,#009688
Lee Revell,#1ea296
Wenyou Yang,#009688
Omar Laazimani,#009688
Vladimir Serbinenko,#f2b368
Paul Menage,#f6eee5
Andrew Hendry,#009688
Eddie Huang,#39aca1
Remi Denis-Courmont,#009688
Ian McDonald,#a6d7d3
Mark Hounschell,#ef8910
Paul Fulghum,#f6e7d5
Andy Shevchenko,#54b7ae
dingtianhong,#cfe7e5
Dmitry Kalinkin,#7ac6bf
Andrey Smirnov,#0a9a8c
Gregory Greenman,#b6ddda
kongxinwei,#f4d4ad
Mathieu Poirier,#e2efee
Josh Triplett,#009688
Reinette Chatre,#009688
Enric Balletbo i Serra,#009688
matt mooney,#afdbd7
Peter Feuerer,#009688
Christoph Lameter,#acd9d5
Ben Hutchings,#f1a852
Zang Roy-r61911,#009688
Yadwinder Singh Brar,#009688
Nikolai Kondrashov,#f2b670
Alok Kataria,#009688
Kees Lemmens,#50b5ac
Robert Schwebel,#009688
John W. Linville,#f3c289
Franky Lin,#1aa094
Vikas Sajjan,#ef8e1b
Leendert van Doorn,#f5ddc0
Mike Galbraith,#f4d5af
Andrey Porodko,#28a69a
Sundar Iyer,#ecf3f2
Benoit Parrot,#f7f5f4
Woojung.Huh@microchip.com,#c8e5e2
Linus Walleij,#33aa9f
Inaky Perez-Gonzalez,#c7e4e1
Maxime Ripard,#009688
Ismael Luceno,#009688
Simon Que,#ee8509
David Dajun Chen,#009688
Emil Medve,#ee8305
Josh Wu,#65beb5
Richard Röjfors,#70c2ba
Anil Ravindranath,#009688
navin patidar,#f1a449
H. Nikolaus Schaller,#f3c690
Hubert Chaumette,#009688
Xiubo Li,#4bb3aa
Ross Zwisler,#f4cea1
Mian Yousaf Kaukab,#34aa9f
Bernie Thompson,#009688
Vishal Verma,#0b9a8d
hayeswang,#a7d8d3
Timothy Lee,#009688
Matthew R. Ochs,#f1aa55
Andrzej Hajda,#169f92
Peter Maydell,#009688
Antonino Daplas,#ee8509
Ananth N Mavinakayanahalli,#80c8c2
Eric Brower,#f2b56e
Len Brown,#d7ebe9
Yoshihiro YUNOMAE,#f5d7b5
Victor Prupis,#f1a347
Guy Martin,#d3e9e7
Vaibhav Hiremath,#50b6ac
Tkhai Kirill,#f1aa57
Guenter Roeck,#75c4bd
Hong Liu,#009688
Arvid Brodin,#f7f1eb
Ulrich Obergfell,#009688
Dario Faggioli,#f6ecdf
Doug Thompson,#7fc8c1
Shreyas Bhatewara,#f3c691
Gregory Fong,#009688
Peter Senna Tschudin,#009688
Michal Hocko,#009688
Vojtech Pavlik,#f4ca98
Boris Barbulovski,#52b6ad
James Liao,#27a59a
Laszlo Attila Toth,#009688
tim,#d4e9e7
Stefano Babic,#d3e9e7
Wei Huang,#f6e6d4
Andre Prendel,#009688
Arnaud Lacombe,#f5dcbf
Sean Hefty,#f6e9da
Leilk Liu,#009688
Miriam Shitrit,#f3c58f
Alexander Smirnov,#67beb6
Joy Latten,#009688
Wim Van Sebroeck,#f09e3d
Jiri Benc,#83cac3
Ivan T. Ivanov,#89ccc6
Manjunath Hadli,#22a397
Benjamin Herrenschmidt,#dceceb
Vyacheslav Dubeyko,#3aada2
Vladimir Kondratiev,#f5dfc6
Philip Prindeville,#f2ba78
Grygorii Strashko,#009688
Claudio Lanconelli,#009688
Hannes Eder,#009688
Frank Schaefer,#c6e4e1
Clément Perrochaud,#f2bc7b
Joe.C,#009688
Jim Cromie,#009688
Lilach Edelstein,#acd9d5
Sony Chacko,#129d90
Daniel Lezcano,#f2b874
Nicolin Chen,#f6ede2
Michel JAOUEN,#009688
Alex Nixon,#009688
Christian Riesch,#f5dbbc
Ben Gamari,#009688
Ron Mercer,#ee8407
Meador Inge,#ee8202
Tiberiu Breana,#f3bd7e
Tomi Valkeinen,#f3c792
Fu Wei,#f4c997
Dwayne Grant McConnell,#009688
Gavin Shan,#f2b66f
sjur.brandeland@stericsson.com,#57b8af
John Garry,#6bc0b8
Niranjan Dighe,#f5d9b8
Venkat Subbiah,#ee860b
Dongsheng.wang@freescale.com,#009688
Rami Rosen,#009688
Troy Kisky,#d9ebe9
Dirk Opfer,#ef9325
Mike Miller,#009688
Benjamin Tissoires,#f2b56e
Thomas Meyer,#2fa89d
Hila Gonen,#009688
Wu Bryan,#009688
Chad Dupuis,#f6f7f7
Andreas Westin,#f4d5af
Brian Niebuhr,#009688
Lance Ortiz,#1ba194
Jennifer Hunt,#d8ebe9
Russell Cattelan,#2ba79b
Roberta Dobrescu,#f6e3ce
Ashish Gupta,#f3c48d
Gaëtan Carlier,#f0a040
Kyle Manna,#009688
dgoeddel@trustedcs.com,#38aca1
Alex Raimondi,#b6ddda
Johan Hovold,#ee860b
Aaron Sierra,#009688
Ivo Clarysse,#009688
Eran Ben Elisha,#ef9224
Guodong Xu,#009688
Won Kang,#f5ddc1
Murali Karicheri,#a8d8d4
Patrick Pannuto,#f3c996
Voss Nikolaus,#009688
Ed L. Cashin,#f2b063
John(Jung-Ik) Lee,#009688
Tony Lindgren,#a8d8d4
David Howells,#f6e5d2
Takahiro Shimizu,#b1dcd8
Craig Gallek,#75c4bc
Sakari Ailus,#47b2a8
stephen hemminger,#8bcdc6
Javier Martin,#009688
Andreas Dannenberg,#f5d8b7
Kristoffer Ericson,#009688
Robert Gerlach,#009688
Lad Prabhakar,#ee8202
Santosh Yaraganavi,#f4d4ae
Bob Moore,#f5dabb
Tomasz Stanislawski,#4fb5ab
Frank Haverkamp,#39aca2
Tristan Ye,#1aa094
Hirokazu Takata,#f09933
Anson Huang,#77c5bd
Chris Dearman,#ef8810
Brian Foster,#3fafa4
Dirk Eibach,#009688
Soren Brinkmann,#009688
Roland Stigge,#f2af61
Tsahee Zidenberg,#f3c896
Tomasz Duszynski,#f5dbbc
Chin-Ran Lo,#009688
George,#f6f0e8
Robert Picco,#009688
Steven Whitehouse,#f3c083
Varadarajan Charulatha,#f5e1c9
Sasha Levin,#75c4bd
Arjan van de Ven,#009688
Alan Carvalho de Assis,#f6f7f7
Lorenzo Pieralisi,#f4ca9a
Borislav Petkov,#f1a246
Gustavo Padovan,#38aca1
Gerd Hoffmann,#009688
Greg Farnum,#f3c792
Brad Volkin,#f7f3ee
Andreas Werner,#009688
Paul Walmsley,#109c8f
Paul E. McKenney,#f3c48b
Andreas Schallenberg,#ee8405
Mischa Jonker,#f2b266
Hideki EIRAKU,#009688
Alberto Panizzo,#ef8f1d
Chunwei Chen,#21a397
Matt Fleming,#94d0cb
Vince Weaver,#f5d8b5
Adrian Hunter,#a4d6d2
Joonwoo Park,#009688
Alessandro Rubini,#f09a35
Joonyoung Shim,#f6e6d3
liubo,#71c2bb
Boris BREZILLON,#87cbc5
Daniel Bristot de Oliveira,#24a498
Kozlov Sergey,#48b2a8
Tim Yamin,#009688
Johnny Kim,#52b6ad
Suresh Jayaraman,#2ea89d
James Hogan,#c1e2df
Jason Jin,#009688
Kiran Patil,#f2b66f
Michal Nazarewicz,#f1a54b
Sukadev Bhattiprolu,#2da89c
Madhavan Srinivasan,#009688
Thara Gopinath,#e9f2f1
Oliver Smith,#f1ae5f
Michael Buesch,#f3be7f
Aleksei Mamlin,#009688
Upinder Malhi,#98d2cc
John Keller,#f0a244
Nibble Max,#42b0a6
Naveen Krishna Ch,#2ba79b
Robert Coulson,#78c5be
wwang,#f6e9d9
Luc Saillard,#19a093
Arun Sharma,#009688
Assaf Hoffman,#f2af60
Mike Lockwood,#009688
Guoxiong Yan,#70c2ba
Mel Gorman,#7cc7c0
Marc Reilly,#009688
Samuel Ortiz,#009688
John Heffner,#009688
Peter Milne,#009688
Sarah Sharp,#e9f1f1
Arend van Spriel,#9fd4cf
Govindraj.R,#009688
Rick Jones,#009688
Zhao Yakui,#f6e5d1
Ohad Ben-Cohen,#009688
Jason Roberts,#4fb5ac
Paul Mundt,#20a396
Jes Sorensen,#6dc1b9
Akihiro Tsukada,#73c3bc
Scott Lovenberg,#f1a348
Zach Reizner,#ef901f
Tero Kristo,#f4d3ac
Dave Olsen,#ef8910
Josh Poimboeuf,#009688
HeungJun Kim,#ef9122
Mark M. Hoffman,#f5d9b8
Nick Forbes,#f09d3b
Mathieu Desnoyers,#f4d3ab
Paolo \'Blaisorblade\' Giarrusso,#99d2cd
Javier Lopez,#009688
Ike Panhc,#009688
dmitry pervushin,#bce0dc
srinivas pandruvada,#f2b46b
Sunil Goutham,#f1ae5f
Samu Onkalo,#68bfb7
Antonios Motakis,#63bdb5
Takayoshi Kouchi,#eaf2f1
Detlev Casanova,#009688
Vernon Mauery,#ef880e
Alexandr Smirnov,#46b1a7
Vipin Bhandari,#f5ddc2
Swen Schillig,#f5e2cb
Ramakrishna Pallala,#f7f5f3
Eric Van Hensbergen,#39aca2
Felten Lothar,#009688
Yoichi Yuasa,#27a599
Chen Feng,#f1a245
Clemens Ladisch,#f1aa55
Clement Perrochaud,#ef8f1d
Muli Ben-Yehuda,#009688
Yinghai Lu,#ef8f1e
Andrew Lunn,#61bcb4
Yogesh Ashok Powar,#50b5ac
Mingming Cao,#f0972e
Guido Günther,#ef8e1b
Ash Willis,#009688
Andrey Panin,#009688
Pete Popov,#009688
Mikulas Patocka,#f2b975
Damien Lespiau,#70c2ba
Alexander Clouter,#58b9b0
Laxman Dewangan,#009688
Moni Shoua,#91cfc9
Thomas Mingarelli,#eff4f3
Chunhe Lan,#f4f6f6
Keith Owens,#0f9c8f
Sifan Naeem,#f3c186
Daniel De Graaf,#cae5e3
Haojian Zhuang,#009688
Yair Shachar,#f6e8d8
Heiko J Schick,#009688
Henrique de Moraes Holschuh,#119d90
Kan Liang,#f6e5d2
Marcel J.E. Mol,#f5dfc5
Linda Xie,#21a397
Erich Focht,#009688
Stuart R. Anderson,#009688
Archana Patni,#f09d3c
David 'Digit' Turner,#f4cea1
Qipan Li,#009688
Mark A. Greer,#ef9223
John David Anglin,#ef9428
John Crispin,#f4ca98
Glenn Streiff,#f6ebde
Hans Rosenfeld,#009688
Rex Zhu,#f1ab57
Amy Griffis,#009688
Eric Moore,#83cac3
Dave P Martin,#f4cea1
Olivier DANET,#a2d6d1
Manjunathappa Prakash,#f6e4d0
Laurent Meunier,#009688
Ismail Donmez,#009688
Art Haas,#009688
Stefan Achatz,#189f93
Paolo 'Blaisorblade' Giarrusso,#1da195
Peter De Schrijver,#4bb4aa
Hemanth V,#1ea296
G. Liakhovetski,#009688
Rohit Vaswani,#f6e6d4
Bob Picco,#009688
Adams Xu,#f2bb7a
Tomasz Bursztyka,#009688
Olof Johansson,#75c4bd
Gabriele Mazzotta,#84cac3
Hans-Christian Egtvedt,#f6e5d1
Ganesan Ramalingam,#f5d7b4
HungNien Chen,#f1a54b
Denis Carikli,#009688
Anton Altaparmakov,#f3c58f
Joachim Foerster,#f5dbbd
Daniel Kurtz,#009688
sfeldma@cumulusnetworks.com,#f4cea2
Julius Volz,#009688
Sergey Ivanov,#dfedec
sonic zhang,#009688
Gerhard Sittig,#f1ac5a
Marcin Kościelnicki,#daebea
Jyri Sarha,#b8dedb
Joachim Deguara,#74c3bc
Magnus Damm,#29a69a
Colin Ian King,#009688
Jack Morgenstein,#eef3f3
Dalon Westergreen,#009688
Hartmut Knaack,#009688
Dwight Engen,#009688
Stéphane Eranian,#ef9122
Tim Nordell,#009688
Chris Hudson,#0c9b8d
Rajkumar Manoharan,#ee8507
Craig W. Nadler,#c9e5e3
Jens Taprogge,#f6e4d0
Brian Rogan,#d1e8e6
Marton Balint,#ef9122
Michael Hund,#ef8d19
Maarten Lankhorst,#f6e6d3
Seth Jennings,#91cfc9
Bjarke Istrup Pedersen,#ee8303
Anda-Maria Nicolae,#e1eeed
Martijn de Gouw,#009688
Peter Jones,#009688
Ingo Molnar,#009688
Krzysztof Halasa,#f5dec3
Catalin Marinas,#f5d8b6
Luis R. Rodriguez,#d3e9e7
Laurent Pinchart,#ef8911
James Morris,#009688
Alexandre Pereira da Silva,#009688
Karsten Keil,#43b0a6
Andreas Steinmetz,#0a9a8d
Yi Li,#009688
Eric Auger,#dfeeec
Jonathan Corbet,#a9d8d4
James Ban,#ef8b15
James Nuss,#009688
Nikolay Borisov,#009688
Stanimir Varbanov,#f09d3b
Matt Ranostay,#f6e5d0
Ravi Kumar V,#2ca79c
Roger Shimizu,#009688
Amir Goldstein,#50b6ac
Martin Kebert,#9ad2cd
Casey Leedom,#cde7e4
Kumar Gala,#f6f7f6
Kim Phillips,#ee8508
Tarek Dakhran,#009688
Sam Bradshaw,#afdbd7
Lamarque Vieira Souza,#52b6ad
Thomas Elste,#009688
David Lambert,#009688
Kevin Winchester,#ee8100
Martin Fuzzey,#19a093
Ying-Chun Liu (PaulLiu),#009688
yangbo lu,#009688
bo yang,#94d0cb
Eric Dumazet,#bee0dd
Evgeny Plehov,#edf3f3
Ludovic Desroches,#009688
KyongHo Cho,#f1aa55
Kristian Kielhofner,#009688
Ivan Kuten,#6ac0b8
Julian Scheel,#f2bb7a
Po-Yu Chuang,#f1ad5c
Shriram Rajagopalan,#009688
Chris J Arges,#f6eadc
Shawn Guo,#009688
Li Jun,#f4d4af
Arun KS,#79c6be
Andrew F. Davis,#009688
Emil Tantilov,#f5daba
Lucy McCoy,#f3bf81
Lukasz Lubojanski,#009688
\Talpey Thomas\,#f3bf81
Mike Isely,#28a69a
Igor Grinberg,#8ccdc7
John Williams,#1fa296
Samo Pogacnik,#009688
Koji Matsuoka,#f2b268
Jakub Kicinski,#f3bd7e
Anoop,#009688
Kay Sievers,#009688
Thomas Graf,#ef901f
Deepak Sikri,#009688
Carlos R. Mafra,#f3c084
Ursula Braun,#f3c58e
Konstantin Khlebnikov,#f0a040
Ian Armstrong,#1fa296
Anders Blomdell,#e5f0ef
Robin Getz,#f4d4af
Jean-François Moine,#f6e4cf
Andrew Sharp,#009688
Govindarajulu Varadarajan,#e9f1f1
Jason Baron,#77c5bd
Christophe Leroy,#009688
Ignaz Forster,#009688
Waiman Long,#009688
Govindraj Raja,#ef9223
Bill Pemberton,#ef8a12
Ivan Grimaldi,#f3c289
Nicolas Iooss,#91cfc9
Zhou Zhu,#f09e3d
huangdaode,#7cc7c0
Bradley Grove,#f3c48d
Vladimir Davydov,#009688
Alfred E. Heggestad,#75c4bd
Josh Cartwright,#ddedeb
Abhijeet Joglekar,#d4e9e7
Valentin Yakovenkov,#f3c691
Chandra Konduru,#009688
Pravin B Shelar,#f0a041
Cyril Chemparathy,#f4cfa4
Adam Nielsen,#009688
Rafal Prylowski,#129d90
Luca Abeni,#009688
Caesar Wang,#f6efe7
Arturo Borrero,#9bd3cd
Hitoshi Mitake,#6dc1b9
Sebastian Poehn,#f09933
Rajeev Kumar,#009688
Florian Westphal,#f2b369
Anish Kumar,#009688
Dmitry Mishin,#ddedeb
Rolf Eike Beer,#009688
Aaron Lu,#f4d0a5
Ariel D'Alessandro,#009688
Cédric Le Goater,#009688
Grzegorz Bernacki,#009688
Yuval Mintz,#f3bd7d
Shérab,#f6e5d0
Manjunath Goudar,#f4d1a8
Peter Hurley,#f1a750
Olivier Lorin,#4ab3a9
Janusz Dziedzic,#f4cb9b
Christian König,#0b9a8d
Alexander Kapshuk,#009688
Francois Romieu,#f09831
Frank Zago,#009688
Mike Dunn,#e8f1f0
Yuchung Cheng,#f7f2ed
David Somayajulu,#d0e7e5
Sreekanth Reddy,#bce0dd
Sebastien Dugue,#f3c895
Raghavendra Ganiga,#8ccdc7
Martin Hostettler,#009688
Xu Jiucheng,#f0a041
Andrew Murray,#009688
Markus Grabner,#b1dcd8
AnilKumar Ch,#009688
Bruce Korb,#ef9122
Yuan Yao,#009688
Zubair Lutfullah Kakakhel,#ee860b
Vasanthy Kolluri,#6fc1ba
Kenji Kaneshige,#f1a64e
Srinivas Kandagatla,#009688
Bartosz Golaszewski,#009688
Ilya Petrov,#40afa5
Don Zickus,#009688
Ranganathan Desikan,#89ccc6
Jan Andersson,#009688
Tim Abbott,#009688
Jarod Wilson,#f6eadc
Valentine Barshak,#68bfb7
Masakazu Mokuno,#c2e2df
Romain Naour,#f4ca99
Wei Song,#1ea295
Bhupesh Sharma,#f6e8d7
Andreas Schwab,#f6eee3
Ananth N. Mavinakayanahalli,#f4cd9f
Steve Toth,#009688
Sumit.Saxena@lsi.com,#53b7ad
Sumit Semwal,#65beb5
Rakesh Iyer,#f3c896
Stephen Neuendorffer,#38aca1
Matt Kraai,#ebf2f2
Stefan Strogin,#009688
James.Smart@Emulex.Com,#f2b46a
Philippe Begnic,#f3c186
Andrew Perepechko,#f2b165
Vinay Simha BN,#f6e7d5
Peter Antoine,#009688
Tom Tucker,#39ada2
Sascha Sommer,#009688
David Drysdale,#77c5bd
Sangbeom Kim,#009688
Eric Lapuyade,#009688
Chuck Lever,#f6ede3
George Anzinger,#ef8d1a
Noam Camus,#b9dfdb
Jaya Kumar,#4db4ab
Christophe Ricard,#f6e4d0
Pablo Neira,#139e91
Jean-Francois Moine,#f4d4ad
Alec Leamas,#009688
Simon Baatz,#009688
Aneesh Kumar K.V,#a3d6d1
Scott Jiang,#4eb5ab
Bernhard Seibold,#f1ae5f
Scott Liu,#f4cc9d
Martin KaFai Lau,#009688
Alexey Fisher,#f09c39
Marius Aamodt Eriksen,#009688
Clement Guedez,#53b7ad
wendyx@us.ibm.com,#f4d0a6
Eric Piel,#08998c
Horst Hummel,#f7f7f7
Lonnie Mendez,#f4d3ac
Jeff Dike,#f4f6f6
Jingchang Lu,#009688
Maxim Shchetynin,#009688
kogiidena,#f1a245
eric miao,#43b0a6
Fenghua Yu,#2ca79c
Jianyun Li,#009688
Stanislav Yakovlev,#83cac3
Wang Lei,#119d8f
Sten Wang,#93d0ca
John McMaster,#f4d2a9
Steve Glendinning,#009688
Vipin K Parashar,#49b3a9
Martin Schlemmer,#009688
Per Forlin,#c1e2df
Il Han,#009688
Jingoo Han,#58b9b0
Jeremy Fitzhardinge,#d0e8e5
Ganesh Venkatesan,#23a498
Daniel Guilak,#28a69a
Hartmut Hackmann,#a4d6d2
Pavel Hofman,#4cb4aa
Ira Weiny,#f6f0e8
Al Stone,#009688
Petr Holasek,#009688
Evgeniy Dushistov,#f1a347
Robert Reif,#f5e3cd
Lauro Ramos Venancio,#30a99e
Vasiliy Kulikov,#009688
Sami Tolvanen,#ef901f
Felipe Zimmerle,#ef9326
Andriy Skulysh,#009688
Arthur Jones,#dfeeec
Michael Hunold,#e7f1f0
Tobias Lorenz,#d2e8e6
Yong Shen,#009688
Mark Salter,#009688
Eunchul Kim,#f3c58e
Etienne Basset,#009688
Chad Reese,#009688
Matt Wagantall,#009688
Matus Ujhelyi,#e1eeed
Jason Wang,#009688
Yaniv Gardi,#009688
Pankaj Dubey,#f6e6d4
Leonid Yegoshin,#77c5be
Kim Kyuwon,#009688
Thomas Hommel,#009688
Jean-Philippe Brucker,#f6e8d7
Konstantin Dimitrov,#009688
Yunfan Zhang,#c8e5e2
Richard Purdie,#009688
Markus F.X.J. Oberhumer,#f7f2ec
Cho KyongHo,#f0962c
Geunsik Lim,#009688
Eran Harary,#96d1cc
Jeff Vander Stoep,#f09b37
Anil S Keshavamurthy,#009688
Ranjit Waghmode,#009688
Alan Stern,#f2b46b
Milan Svoboda,#009688
Ben Zhang,#009688
Fabien Dessenne,#ef8e1b
Jack Steiner,#a0d5d0
Shin-ya Okada,#ef8b15
Rob Clark,#f5e0c6
Andreas Mohr,#87cbc5
Drew Fustini,#a5d7d2
Anthoine Bourgeois,#009688
David Jander,#009688
Nestor Lopez Casado,#f4d3ad
Henri Chain,#f0952a
Zhaoyang Liu,#d8ebe9
Ido Schimmel,#6cc0b8
Chen Gong,#009688
Fred Richter,#3eaea4
Eliot Blennerhassett,#ef8f1e
Sascha Silbe,#4fb5ab
Takashi Yoshii,#2ea89d
Gerhard Pircher,#f1ad5d
Ed Wildgoose,#f2b46b
Tim Howe,#009688
Haiyang Zhang,#f2b975
Jayachandran C,#f5e0c7
Alistair Buxton,#f09d3b
Robert Olsson,#3daea4
Mandeep Singh Baines,#009688
Lokesh Vutla,#009688
stephane duverger,#f0972e
Hauke Mehrtens,#009688
Paul Fox,#009688
Felipe Alfaro Solana,#009688
Roger Lucas,#ee860a
Jim Ramsay,#009688
Otavio Salvador,#009688
Aleksa Sarai,#009688
David Lopo,#f2b771
Jouni Malinen,#f4cc9d
Florian Vaussard,#009688
Eli Cohen,#f09b37
Philippe De Muyter,#ef8e1a
Vitaly Kuznetsov,#f1af60
Bagalkote Sreenivas,#f2b56c
Frédéric Brière,#d0e8e5
Adrien Demarez,#009688
Thadeu Lima de Souza Cascardo,#f7f5f3
Tim Bird,#ef9223
R.Durgadoss,#009688
Haggai Eran,#f0952a
Ben Greear,#009688
Denis Ciocca,#dcedeb
Theodore Y. Ts'o,#ef9122
Hans J. Koch,#25a599
Zwane Mwaikambo,#f6efe6
Nishanth Aravamudan,#f1ae5e
Tom Rini,#009688
Kevin Coffman,#33aa9f
Andras Domokos,#ee8507
Matthew Garrett,#009688
Uri Simchoni,#009688
Sagi Grimberg,#d0e8e6
Jiri Kosina,#009688
Uri Shkolnik,#f4cc9d
Valentin Longchamp,#63bdb4
Lothar Waßmann,#85cac4
Harald Welte,#48b2a9
Jianwei Wang,#f0952b
Andreas Krebbel,#cde6e4
Marc Dietrich,#f09a33
Walter Goossens,#ebf2f2
Stephen Chandler Paul,#009688
Ayaz Abdulla,#009688
Luis Carlos Cobo,#f4cb9b
Chen-Yu Tsai,#009688
Ian Kent,#99d2cd
Timo Teräs,#009688
Sean Young,#009688
Hugh Blemings,#009688
Justin Thiessen,#009688
Ricardo Mendoza,#f2b063
Antti Palosaari,#6ec1ba
Rama Kiran Kumar Indrakanti,#f7f3ee
Erik Gilling,#85cac4
William Hubbs,#f6f0e8
Namhyung Kim,#f3c185
Peter Horton,#009688
Fabian Vogt,#009688
Xenia Ragiadakou,#07998b
Mikhail Ulyanov,#009688
Martin Hicks,#009688
Miguel Aguilar,#009688
Stefan Wahren,#f4ca99
Alexandre Courbot,#f0f4f4
Andy Green,#009688
Frank Becker,#ef8910
Brice Goglin,#f6e6d4
Shashank Sharma,#009688
Jochen Friedrich,#f5ddc0
Alan Hourihane,#009688
Kim Milo,#f09f3f
Mahesh Rajashekhara,#a0d5d0
Tilman Schmidt,#f4d1a8
Bruno Premont,#009688
jack wang,#ef9020
Steve Twiss,#f1ab57
Hans Schillstrom,#0e9c8e
Steven Rostedt (Red Hat),#009688
Yegor Yefremov,#009688
Heiko Schocher,#009688
Zhigang Lu,#ee8304
Greg Kurz,#f6f0e9
Matt Campbell,#009688
Andy King,#e5f0ef
Kenneth Kiraly,#009688
Wei Chen,#f5d9b8
Chuck Ebbert,#f2b164
Cyril Bur,#f09e3c
Daniel Walker,#54b7ae
Abhay Salunke,#c4e3e0
Shaohua Li,#f5dabb
Chanho Min,#009688
Teemu Paasikivi,#1ba194
Andreas Noever,#22a397
Asit K. Mallick,#70c2ba
Stefan Roese,#009688
Jianqun Xu,#009688
Kars de Jong,#f4cea2
Seungwhan Youn,#c0e1de
Marco Porsch,#ee8201
Matej Kenda,#009688
Qiaowei Ren,#129d90
Sergiu Iordache,#009688
Giel van Schijndel,#f5d8b6
Balbir Singh,#2ba79b
Shane Wang,#29a69b
Jochen Voss,#009688
Sricharan R,#009688
Pavel Machek,#169f92
Kevin D. Kissell,#009688
Maxime COQUELIN,#009688
Bob Liu,#009688
Stuart Yoder,#f1a953
Amerigo Wang,#009688
Kamlakant Patel,#009688
Jim Garlick,#93d0ca
Arnaud Pouliquen,#aad9d5
Masami Hiramatsu,#f2af61
Majd Dibbiny,#ef9223
Nick Dyer,#e6f0ef
Sebastien Requiem,#54b7ae
Joshua Kinard,#f6eee3
Marc Gonzalez,#009688
Tim Kryger,#f3c48d
Russell Currey,#f3bf82
Simon Wood,#8bcdc6
Margarita Olaya,#009688
Frank Munzert,#f5dfc5
Steven King,#f5e3ce
Chen Gang,#e8f1f0
Nate Case,#f1f5f4
Donghwa Lee,#f5dbbc
Joseph Chan,#f1ae5e
Jarkko Sakkinen,#69bfb7
Stephen Chivers,#6fc2ba
Venki Pallipadi,#009688
Pavel Emelyanov,#81c9c2
Igor M. Liplianin,#f7f3ee
Mateusz Krawczuk,#009688
Victor Rodriguez,#75c4bc
Marek Vasut,#009688
Teresa Remmet,#009688
Ronen Shitrit,#f1a852
Kyle McMartin,#f5e1c9
Shannon Nelson,#f7f7f7
Ben-Ami Yassour,#009688
Reeja John,#f0a244
Zheng Liu,#5ab9b0
Srinidhi Kasagar,#009688
Marcus Cooper,#009688
Erik Andr?n,#f09a34
Stanislav Fomichev,#f4cb9b
Suravee Suthikulpanit,#f3be80
Maor Gottlieb,#1da195
Tushar Behera,#009688
Liu Yu-B13201,#009688
Andy Adamson,#7bc6bf
Mark Nelson,#2da89c
Ivan Kokshaysky,#f2b46a
Shradha Shah,#f1ae5e
Xiantao Zhang,#ef9122
Harald Brinkmann,#009688
Nicolas Schichan,#009688
Alasdair G Kergon,#f2b368
KOVACS Krisztian,#e9f2f1
Adrian-Ken Rueegsegger,#009688
Marc Vertes,#009688
Vladislav Zolotarov,#d5eae8
Shawn Nematbakhsh,#009688
David Mosberger,#bfe1de
Chaitanya Hazarey,#0f9c8f
Zhang Wei,#009688
Vassili Karpov,#009688
Arto Merilainen,#4db4ab
Zhang Xiantao,#009688
Eric B Munson,#f09c38
Deng-Cheng Zhu,#f1aa56
Alessandro Zummo,#f6e4cf
Andrea Merello,#009688
Jan Safrata,#50b5ac
Takahisa Tanaka,#009688
Alexey Kardashevskiy,#009688
Tzafrir Cohen,#25a499
Steve deRosier,#2da89c
Shawn Bohrer,#009688
Raphael Derosso Pereira,#f4d3ad
Masayuki Ohtake,#4eb5ab
Sudhakar Rajashekhara,#19a093
Vasily Khoruzhick,#009688
Miaoqing Pan,#f3c792
Jemma Denson,#43b0a6
Morten H. Larsen,#86cbc4
Satyam Sharma,#009688
Mauro Carvalho Chehab,#159e91
Lasse Collin,#009688
Poonam Aggrwal,#009688
Eric Millbrandt,#cbe6e3
Peter Osterlund,#009688
Samuel Iglesias Gonsalvez,#ef9121
Tigran Mkrtchyan,#009688
Andreas Fenkart,#f2bc7b
Wen Congyang,#62bcb4
Bryan O'Donoghue,#009688
Michal Malý,#81c9c2
Dely Sy,#57b8af
Oren Weil,#f1a246
Abhilash Kesavan,#f1ad5c
Yunlong Song,#009688
Venkateswararao Jujjuri (JV),#daecea
Chris Boot,#44b1a6
Rich Johnston,#009688
Lukas Czerner,#009688
Barry Song,#f6eadc
Tomaz Mertelj,#f7f4f1
T Makphaibulchoke,#009688
Haibo Chen,#c9e5e2
Marcelo Roberto Jimenez,#009688
Robert Jarzmik,#f09a34
Karl Relton,#0e9b8e
Darek Marcinkiewicz,#009688
Deepak Saxena,#f6e8d8
Sebastian Witt,#009688
Patrick McHardy,#bbe0dc
Karsten Wiese,#61bcb4
Ashwin Chaugule,#f0962b
Stefano Panella,#ef9224
cbrake@com.rmk.(none),#009688
Mateusz Kulikowski,#f3bf81
Hans Verkuil,#3eaea4
Santiago Nunez-Corrales,#ee8305
Alistair Popple,#ef8d19
Ken Steele,#2ba79b
Atsushi Nemoto,#f0962c
R Sricharan,#009688
Shane McDonald,#009688
Andrea Arcangeli,#bee0dd
Qu Wenruo,#f5d9b7
David A. Long,#f3bc7c
David Anders,#1da195
Bartlomiej Zolnierkiewicz,#91cfc9
Moritz Muehlenhoff,#ee870d
Denis Turischev,#009688
Michael Wu,#f6e9d9
Lina Iyer,#08998c
Laurentiu Palcu,#009688
Segher Boessenkool,#009688
Shinta Sugimoto,#d2e9e7
Robin Holt,#70c2ba
Brian Swetland,#009688
Dave Chinner,#47b2a8
Bill O'Donnell,#f7f7f7
Wolfgang Grandegger,#f3bc7c
Jason Gunthorpe,#daecea
Patrick Mochel,#a8d8d4
Erik Arfvidson,#f1aa56
Kyle Guinn,#009688
Pawel Osciak,#009688
Heiko Stuebner,#2ca79c
Stephen George,#89ccc6
Chaoming Li,#3caea3
Amir Vadai,#36aba0
Alexander Gordeev,#f2b771
Songjun Wu,#f2b267
Avinash Patil,#f5e0c7
Michael S. Tsirkin,#a1d5d0
Danny Huang,#f6f0e9
Giuseppe Cavallaro,#d1e8e6
Abylay Ospan,#f5dfc6
Tomoki Sekiyama,#9fd5d0
Pau Oliva Fora,#009688
Goldwyn Rodrigues,#f1a245
WANG Cong,#f1ac5b
Petr Vandrovec,#f5dbbd
Naresh Kumar Inna,#f3c896
Michal Simek,#47b2a8
Shiraz Hashim,#009688
Tang Yuantian,#009688
Wang Long,#009688
Kent Yoder,#f5f6f6
Kozhevnikov Anatoly,#f1ad5c
Steve Kerrison,#009688
Subhransu S. Prusty,#7cc7c0
Lachlan McIlroy,#6ac0b8
Jean-Hugues Deschenes,#009688
Stephane Grosjean,#47b2a8
Russ Anderson,#d0e8e5
Doug Ledford,#f4cc9d
Tommi Virtanen,#30a99e
Joachim Eastwood,#f2b56c
Laurent Dufour,#009688
Iain Paton,#009688
Roald Frederickx,#d2e8e6
Chris Smith,#f5e2cb
Zhao Chenhui,#f7f7f7
Neil Horman,#bfe1de
Mike Waychison,#8ccdc7
Frank Seidel,#009688
Damien Riegel,#009688
Sanjay Lal,#d6eae8
Fabien Chouteau,#05988a
Prabhakar Kushwaha,#2ba79b
Vlastimil Babka,#009688
Sebastian Ott,#f4d1a8
Adam Lee,#009688
Hans-Juergen Koch,#009688
Javier Martinez Canillas,#1ca195
Felipe Balbi,#009688
Jay Sternberg,#90cec9
Michael-Luke Jones,#ef8b15
Ken Xue,#009688
M'boumba Cedric Madianga,#009688
Hans-Frieder Vogt,#ef9224
David Sterba,#f5d6b3
James Smart,#acd9d5
Pierre Moreau,#179f92
Martin Michlmayr,#96d1cc
Dipen Dudhat,#e4f0ee
Adam Radford,#f4cfa4
Kiran AVND,#5ebbb2
Tseng-Hui (Frank) Lin,#eaf2f1
Yuvaraj Kumar C D,#f3c085
Uwe Kleine-König,#f0972d
Alexandre d\'Alton,#009688
Stephen Rothwell,#f1ad5c
Johann Lombardi,#69bfb7
Wolfram Sang,#f1ae5f
Johannes Weiner,#f6eadb
Sritej Velaga,#94d0ca
Carsten Emde,#41afa5
Peter Tyser,#009688
Theodore Kilgore,#f3c48c
Kyeyoon Park,#009688
Stefano Brivio,#ebf2f1
Michael Witten,#7cc7c0
Tim Schmielau,#009688
Dongsheng Yang,#f2b975
John Stultz,#009688
Timo Kokkonen,#009688
Carlos Chinea,#009688
Peter Tiedemann,#f4cea2
Claudiu Manoil,#ef9326
Gerlando Falauto,#d6eae8
Bart Van Assche,#ee8509
David Brownell,#f4cb9a
Nick Cheng,#009688
Steffen Trumtrar,#f4d1a6
Oder Chiou,#f09b37
Chris Ball,#a6d7d3
Abhimanyu Kapur,#22a397
Wang Nan,#f0972e
Silvio F,#009688
Yu Luming,#009688
holt@sgi.com,#08998b
Paul Moore,#f7f2ec
Henry Chen,#009688
Tony SIM,#009688
Robert Baldyga,#2ea89d
Ma Jun,#07998b
Yuan Sun,#f3c48c
Guo-Fu Tseng,#009688
Oliver Bock,#009688
Remi Machet,#7cc7c0
Corentin Chary,#37aca1
Vincent Palatin,#f0962c
David Rientjes,#ef9427
Stelian Pop,#f2b873
Eric Leblond,#009688
Brian King,#f2b56c
Yoshinori Sato,#f1ae5d
Heiko Stübner,#009688
Paulius Zaleckas,#ef9326
Jeeja KP,#3daea3
Randy Dunlap,#f6ede3
Erik Rigtorp,#f3c997
Cornelia Huck,#f6e5d1
Isaac Assegai,#0b9a8d
Eugene Crosser,#ef9122
Max Asbock,#29a69a
Alex Dubov,#009688
Dinh Nguyen,#009688
Étienne Bersac,#f6ece0
Yehuda Sadeh,#f2b063
Jari Vanhala,#009688
Anil Kumar,#009688
Harald Krapfenbauer,#ef8b14
Sungchun Kang,#ee8507
Dmitry Pervushin,#dbecea
Andy Yan,#f1ad5c
Hariprasad Shenai,#f4d5b0
Zhu Richard \(NSN - CN/Beijing\),#009688
Sachin Kamat,#0d9b8e
Benson Leung,#c3e2e0
Jim Kukunas,#f5e2cc
Philipp Zabel,#009688
Sylvain Munaut,#77c5be
Ramneek Mehresh,#009688
James Lentini,#009688
Jon Paul Maloy,#f4d3ab
Dragos Carp,#009688
fkan@amcc.com,#62bdb4
Michal Ludvig,#009688
Robert Lee,#009688
Torben Hohn,#009688
Robert Tivy,#f6f6f6
Lorenzo Colitti,#009688
Karsten Merker,#009688
Ian Abbott,#f2f5f5
Youngjun Cho,#009688
Ding Tianhong,#b8dedb
Michael Reed,#cfe7e5
Hiraku Toyooka,#75c4bd
Amit Kumar Salecha,#ee8407
Igor M Liplianin,#009688
Naveen N. Rao,#009688
Cyril Roelandt,#ef8c17
Dmitry Torokhov,#ef8c16
Mat Martineau,#06988b
Varun Sethi,#009688
Zoltan Sogor,#009688
Armin Reese,#ecf3f2
Peter Oberparleiter,#f0962b
Ricardo Labiaga,#1ea295
Carlo Caione,#f6e5d2
Nathan Fontenot,#6cc1b9
Jerome Marchand,#009688
Frederic Danis,#f3bc7c
Shuah Khan,#ef8a12
Balaji Rao,#009688
Bodo Stroesser,#f3c690
John Rigby,#f1a74f
Priyanka Gupta,#009688
Jean-Christophe PLAGNIOL-VILLARD,#cfe7e5
Remis Lima Baima,#f1a954
Jens Kuske,#009688
Per Liden,#f3c895
Seiji Aguchi,#afdbd7
Frans Klaver,#009688
Stephen Boyd,#ef880e
JANAK DESAI,#009688
Yu Zhang,#009688
Stephan Mueller,#f5e2cb
Kenji Toyama,#f7f7f7
Ira W. Snyder,#009688
Denis CIOCCA,#d7eae9
Vianney le Clément de Saint-Marcq,#f2bb79
Vitaly Mayatskikh,#64bdb5
Tatsunosuke Tobita,#009688
Xudong Chen,#009688
Andreas Heider,#009688
Elias Oltmanns,#f4cc9d
Mario Limonciello,#ef9224
Li Zefan,#4fb5ab
Andreas Pokorny,#b9dfdb
Tyler Baker,#009688
Prarit Bhargava,#45b1a7
Scott Alfter,#f09e3d
Alan Ott,#c1e2df
David Fries,#f3c084
Gregory CLEMENT,#009688
Donald Johnson,#1fa296
FUKAUMI Naoki,#159e92
JJ Ding,#bce0dd
Manish Lachwani,#f2b66f
Kazuya Mizuguchi,#009688
Chunyan Zhang,#f2b66e
Edward Falk,#7dc7c0
Al Borchers,#95d0cb
Richard Nauber,#009688
Jose Miguel Goncalves,#009688
Tarun Kanti DebBarma,#ef8912
Jack Lee,#009688
Graff Yang,#d3e9e7
Erez Zilber,#3aada2
Dmitry.Tarnyagin,#6fc2ba
yanyang1,#ef8f1d
SAN People,#f5dabb
Tracey Dent,#f3bd7d
Mathieu Olivari,#009688
Fengguang Wu,#009688
G Manjunath Kondaiah,#009688
François Romieu,#f3c894
Duncan Sands,#009688
Srivatsa S. Bhat,#f5e1c8
Zhu Yi,#c1e2df
Saeed Mahameed,#f1a953
Robert Jennings,#99d2cd
Adam Belay,#d5eae8
Tianping Fang,#009688
Trent Piepho,#f5dbbd
Anshuman Khandual,#f7f3ef
Oleksandr Kozaruk,#f4d4ad
Rade Bozic,#009688
Shenwei Wang,#009688
Aaron Grothe,#f6eee3
Johannes Goetzfried,#f4cfa4
Jarkko Lavinen,#a7d7d3
Yasuaki Ishimatsu,#009688
J Freyensee,#009688
Bruce Losure,#f5dbbd
Banajit Goswami,#ee8101
David Riley,#ef8c17
Azael Avalos,#f6ebdf
H. J. Lu,#f0962d
Eliad Peller,#f4d4af
Tushar Dave,#009688
Nicolas Dichtel,#009688
Dean Luick,#a7d7d3
Felix Fietkau,#f2bc7a
Dmitry Kozlov,#009688
Renata Sayakhova,#009688
Oleg Verych,#009688
Dmitry Eremin,#f5e0c7
Vishwanathrao Badarkhe Manish,#009688
Chad Williamson,#24a498
Andreas Oberritter,#009688
Daniel Ribeiro,#009688
Fugang Duan,#e9f1f1
Varun Prakash,#eaf2f1
Jaroslav Kysela,#f2b66e
Tony Luck,#009688
Mathias Leblanc,#009688
David Milburn,#009688
Rebecca Schultz Zavin,#f6ece1
Satoru Moriya,#009688
Hai Li,#ee870c
Quentin Casasnovas,#009688
Evgeni Dobrev,#009688
Siva Reddy,#f3c793
Philip A. Prindeville,#f6e8d7
Nick Piggin,#ee870c
Andreas Petlund,#009688
Tiago Vignatti,#009688
Heinz Mauelshagen,#009688
Darrel Goeddel,#66beb6
Keith Packard,#009688
Tzachi Perelstein,#009688
Venkata Mohan Reddy,#e0eeed
Roy Franz,#ee8406
Stefan Peter,#009688
Tirumala Marri,#36aba0
Vijay Subramanian,#76c4bd
Andrey Ryabinin,#2ea89d
Parav Pandit,#f3f5f5
Avi Kivity,#f09b36
William Breathitt Gray,#f5d8b6
Noralf Trønnes,#9ad2cd
Lukas Wunner,#009688
zhao zhang,#009688
Zhiwu Song,#f5e0c6
Vinson Lee,#ef9020
Manjunath Kondaiah G,#009688
Bryan Schumaker,#c3e3e0
Tom L. Nguyen,#f09c39
Diego Beltrami,#009688
Kirill A. Shutemov,#ee8304
Zhao Qiang,#009688
Sjur Brændeland,#009688
Jaime Velasco Juan,#009688
Pekka Paalanen,#009688
Sathya Prakash M R,#009688
Vlad Dogaru,#f1a346
David Woods,#a1d5d0
John Ogness,#ef8e1b
Kukjin Kim,#f2b771
Senthilvadivu Guruswamy,#009688
Romain Perier,#009688
Suresh Siddha,#f7f6f4
Sean O. Stalley,#f3be81
Johannes Stezenbach,#abd9d5
Lejun Zhu,#009688
David P. Reed,#009688
Egor Martovetsky,#009688
Varka Bhadram,#f5dabb
Janne Kanniainen,#009688
Michael Mueller,#f4d0a6
Eric Anholt,#f7f1ea
Maarten ter Huurne,#20a397
Bernhard Kaindl,#f5d7b5
Kai Vehmanen,#1ba194
Roland Dreier,#e3efee
Brilly Wu,#009688
Giuseppe Coviello,#009688
Simon Arlott,#009688
Julie Zhu,#009688
Kaiwan N Billimoria,#009688
Manuel Lauss,#f3bc7c
Adrian Knoth,#84cac3
Hideaki Yoshifuji,#009688
Krishna Mohan Dani,#009688
David Lanzendörfer,#e8f1f0
David Miller,#009688
Brad Hards,#93d0ca
Florian Meier,#c5e3e0
Naoya Horiguchi,#009688
K.Prasad,#f6e8d7
Eyal Shapira,#ef901f
Javi Merino,#009688
Veaceslav Falico,#009688
Keith Busch,#009688
KOSAKI Motohiro,#009688
Matt Carlson,#009688
Anders Berg,#009688
Bojan Smojver,#f6eee3
Naidu Tellapati,#009688
York Sun,#41b0a5
Harald Geyer,#addad6
Alex Shi,#009688
Christoph Pfister,#f1a64d
Niklas Söderlund,#72c3bb
Pauli Nieminen,#f2bc7b
venkatesh.pallipadi@intel.com,#70c2ba
Konrad Zapalowicz,#f5d9b8
Kurt Hackel,#40afa5
Tomáš Čech,#009688
Mark Haverkamp,#f2bc7b
Nimrod Andy,#9dd4cf
Chandrabhanu Mahapatra,#c1e2df
Michal Suchanek,#009688
Mathias Gottschlag,#ef8d1a
Roman Kagan,#05988a
Zoltan Kiss,#009688
Michael Williamson,#f2b46c
Pekka Enberg,#b4ddd9
Jurriaan,#f1a54c
Hansjoerg Lipp,#d0e8e5
Juerg Haefliger,#cde6e4
danborkmann@iogearbox.net,#b3dcd8
Julien May,#f1aa55
Alexander Shishkin,#94d0cb
Pete Eberlein,#b1dcd8
Mike Turquette,#009688
Ryan Wilson,#f2b874
Kaixu Xia,#90cfc9
Jan Nikitenko,#d4e9e7
Paulo Zanoni,#92cfca
Yu Xu,#81c9c2
Christian Hemp,#009688
Geert Uytterhoeven,#2ca79c
Rahul Sharma,#f1a348
Eduardo Habkost,#009688
Jean-Sebastien A. Beaudry,#009688
Victor Gallardo,#f1a44a
Arnout Engelen,#009688
Ed Lin,#009688
Ge Gao,#f0952a
Tom Lendacky,#f5dabb
Mircea Gherzan,#b3dcd9
Dmitri Vorobiev,#51b6ad
Weston Andros Adamson,#18a093
Anand Gadiyar,#009688
Yongqiang Yang,#f7f1e9
Nicolas Pitre,#009688
Wei Liu,#f5ddc1
David Herrmann,#f3bd7e
Sergei Kolzun,#009688
Chuanxiao Dong,#f4d0a6
Harvey Harrison,#009688
Priyanka Jain,#97d1cc
Jeremy Kerr,#ef8e1a
Rostislav Lisovy,#86cbc4
Christoph Fritz,#009688
Tomasz Grobelny,#80c8c2
Jakub Sitnicki,#a5d7d2
Tomeu Vizoso,#f5dfc4
Yuanhan Liu,#f2b46b
Jean-Paul Saman,#009688
Auke Kok,#6cc1b9
Richard Lemon,#009688
Erik Bosman,#f2b268
Andy Gospodarek,#009688
The etnaviv authors,#f6e8d7
Wai Yew CHAY,#e3efee
Kurt Van Dijck,#f5e2cc
Michael Welling,#28a69a
Dasaratharaman Chandramouli,#c9e5e2
Dennis Dalessandro,#ee870d
Kristian Høgsberg,#009688
Kristoffer Nyborg Gregertsen,#009688
Todd Inglett,#009688
Andreas Larsson,#009688
fan.du,#009688
Ashutosh Dixit,#32aa9f
Bastien Nocera,#009688
Danilo Cesar Lemes de Paula,#99d2cd
Chandra Seetharaman,#61bcb4
Olivier Scherler,#009688
Sven Schnelle,#009688
Siva Yerramreddy,#a9d8d4
Daniel Vetter,#8ecec8
Matt Roper,#009688
Moritz Fischer,#009688
Georgi Djakov,#f1ae5e
Xiao Jiang,#009688
Ankit Gupta,#009688
Saeed Bishara,#f6eee5
Maciej W. Rozycki,#52b6ad
Liu Gang,#85cac4
Juri Lelli,#0a9a8c
Hanjun Guo,#009688
Ash Hughes,#46b1a7
Andrew Victor,#e8f1f0
Manu Abraham,#f2b46c
Jay Cliburn,#f4d6b2
Marc Titinger,#0e9c8e
Dongjin Kim,#009688
Karol Herbst,#f5dec3
Thomas Huth,#75c4bd
Milan Jurik,#f6eee4
Runzhen Wang,#dbecea
Naga Chumbalkar,#edf3f3
He Kuang,#cae5e3
Andries E. Brouwer,#009688
Minghuan Lian,#f5e2cb
Michal Januszewski,#ef901f
Hongtao Jia,#f3c691
Octavian Purdila,#009688
Graeme Gregory,#009688
Stefan Bader,#cce6e4
Pavel Rojtberg,#f09831
Eduard Hasenleithner,#009688
Frederick van der Wyck,#009688
Carlos O'Donell,#009688
Paul B Schroeder,#61bcb3
Antti Koskipaa,#7ec8c1
Krzysztof Kozlowski,#009688
Dean Nelson,#b4ddd9
Jens Osterkamp,#f7f1eb
Matthew Dobson,#009688
Vincent Yang,#f1a245
Mike Anderson,#009688
Tomasz Figa,#c7e4e1
Hermann Kneissel,#eff4f3
Stuart Brady,#009688
Kapil Hali,#f1ab57
Pratik Patel,#f3bd7d
Suresh E. Warrier,#83c9c3
Sachin Prabhu,#f0f4f4
Peter Rosin,#009688
Michael Poole,#009688
Andi Kleen,#009688
Sachin Sanap,#74c4bc
Guangliang Zhao,#ee8304
Lan Tianyu,#f3bf81
David Hardeman,#009688
Mike Arthur,#009688
Zhang Le,#a3d6d1
harninder rai,#1aa094
Martin Schwidefsky,#99d2cd
Trond Myklebust,#3eaea4
Javier Cardona,#f4cc9e
Martin Strubel,#e4efee
Bing Zhao,#40afa5
IKEDA Munehiro,#f0a142
Alex Porosanu,#89ccc6
Kelvin Cheung,#009688
Eiichiro Oiwa,#f0952b
Davide Ciminaghi,#009688
Michael Neuling,#f7f4f0
Marcel Holtmann,#f4c997
Marc Kleine-Budde,#009688
Wu Zhangjin,#f1a750
James P Michels III,#009688
Alex Ling,#009688
Petko Manolov,#c9e5e2
Ralf Hoppe,#ee870c
Bo Shen,#f1a449
Oskar Schirmer,#009688
anantha,#009688
Daeseok Youn,#f3c48c
Waldemar Rymarkiewicz,#ef901f
Milo(Woogyom) Kim,#ef8e1b
Chao Yu,#f6f7f7
Jamie Lentin,#009688
Jon Mason,#009688
Thayne Harbaugh,#f5e2cb
Stanislav Kinsbursky,#39aca2
Anton Vorontsov,#f6e8d7
Al Cooper,#009688
Mark Rutland,#f7f6f4
Alan Tull,#b0dbd7
Seymour Shane M,#0d9b8e
Mythri P K,#f4ca98
Akinobu Mita,#009688
Pali Rohár,#009688
Ravikiran G Thirumalai,#009688
Yan Zheng,#f2b369
Toshiharu Okada,#98d2cc
Filipe Brandenburger,#009688
H Hartley Sweeten,#f3bf82
Rameshwar Prasad Sahu,#0c9b8d
Douglas Thompson,#56b8af
anish kumar,#f1a750
Jiancheng Xue,#009688
Holger Freyther,#009688
Wei Yongjun,#f1af60
Doug Anderson,#cae5e3
Sasha Khapyorsky,#9bd3ce
Trilok Soni,#f1aa56
Andrei Warkentin,#009688
Thierry MERLE,#a6d7d3
Qing Xu,#009688
Tiejun Chen,#009688
Andrii.Tseglytskyi,#43b0a6
Andrew Morgan,#009688
Harald Freudenberger,#f0962c
Bryan W. Headley,#f1ac5a
Erik Hugne,#68bfb7
Steven A. Falco,#009688
Karol Wrona,#009688
Feng Tang,#009688
Matt Domsch,#009688
Christoffer Dall,#f2b56d
Ben Dooks,#85cac4
Patrice Chotard,#f2b66f
Andrew Bresticker,#4bb4aa
Kevin Curtis,#f2b975
Hannes Reinecke,#a3d6d1
Manish Ahuja,#009688
Sudip Mukherjee,#60bcb3
Dylan Reid,#65beb5
Ashish Jangam,#f1ab58
Manuel Stahl,#5ab9b1
Sven Schuchmann,#009688
Rémi Denis-Courmont,#3bada3
Peter Ma,#f1aa55
Anton Salnikov,#4eb4ab
Andrey Vagin,#deedec
Matt Evans,#72c3bb
Gilbert Wu,#80c8c1
Takashi Iwai,#f7f7f6
Phillip Lougher,#46b2a8
Harninder Rai,#009688
Lendacky Thomas,#f4d3ad
Holger Schurig,#ef9121
Roman Fietze,#009688
Tony Jones,#8ecec8
Matthias Kaehlcke,#009688
Atul Mukker,#ef880e
Joshua Henderson,#f7f2ec
Benjamin LaHaise,#009688
Michael Hennerich,#18a093
David Wilder,#f6eee5
Ian Lartey,#009688
Jesper Dangaard Brouer,#f5f6f6
Frank Praznik,#f5d8b6
David Dillow,#f4d4ad
Martyn Welch,#f5ddc0
M R Swami Reddy,#f2b874
Davide Ferri,#daebea
Aristeu Sergio Rozanski Filho,#009688
Ezequiel García,#f3bf81
Oleksij Rempel,#f4cea2
Pratheesh Gangadhar,#f3c896
Jerry Huang,#bbe0dc
Eric Nelson,#009688
Rabeeh Khoury,#009688
Ong Boon Leong,#f6e6d4
Ricardo Cerqueira,#f2b66e
Daniel Axtens,#009688
H. Peter Anvin,#009688
Wanpeng Li,#f6e7d6
Joel Stanley,#99d2cd
Hiroshi DOYU,#f3be80
Shreshtha Kumar Sahu,#009688
Arthur Kepner,#6ec1b9
Patrik Jakobsson,#f6eee3
Peter Chen,#f09c38
Naveen Kumar Gaddipati,#f0952b
Jonathan Cameron,#009688
Beni Lev,#009688
Ben Goz,#0e9c8e
Ian E. Morgan,#009688
Anton Saraev,#81c9c2
Vinod Koul,#cee7e5
Andrew Vasquez,#43b0a6
Seth Forshee,#009688
Mark Salyzyn,#9ad2cd
Yi Zou,#f5dbbc
Andrew Patterson,#78c5be
Dennis Menschel,#f09d3b
Ruslan Bilovol,#009688
Szymon Janc,#f2b771
Alexander Holler,#009688
Stefan Behrens,#8bcdc7
Krzysztof Helt,#009688
Haiying Wang,#f4cfa2
Stefano Stabellini,#3fafa4
Hendrik Brueckner,#18a093
Esben Nielsen,#ee860b
David T.L. Wong,#f09a35
George T. Joseph,#30a99d
David Basden,#f2bb78
Michael Schmitz,#009688
Ben Young Tae Kim,#f5d8b6
Marcin Slusarz,#ef8c17
Maurus Cuelenaere,#d3e9e7
Anton Tikhomirov,#ef8910
Steven Miao,#07998b
Mahesh Salgaonkar,#51b6ac
Ørjan Eide,#009688
Oded Gabbay,#ecf3f2
Takashi Sakamoto,#ef9223
Niklas Cassel,#009688
Chris Mason,#e8f1f0
Jaegeuk Kim,#f6e5d1
Wolfgang Denk,#009688
Sylvain Meyer,#aad9d4
Sucheta Chakraborty,#f5e0c7
Mika Laitio,#f3c793
Kenneth Westfield,#f6e9da
Kevin Lo,#009688
Richard Genoud,#84cac4
Anna Schumaker,#f4ca99
jilai wang,#009688
Luca Olivetti,#f4cb9a
Nicolas Ferre,#009688
dann,#f1a74f
Bharata B Rao,#f1f5f4
addy ke,#f6efe6
Kuninori Morimoto,#ef8a13
huajun li,#ef901f
YH Huang,#009688
Jan Klötzke,#f5dfc5
Keir Fraser,#009688
Brian Austin,#a2d6d1
Laura Abbott,#ef9428
Konrad Rzeszutek,#009688
Philippe Reynes,#f09c38
Dennis Munsie,#f09f3e
Ilan Elias,#ef9326
Yuan-Hsin Chen,#addad6
Stefan Kristiansson,#009688
Faisal Latif,#d6eae8
Anton Ivanov,#42b0a6
Arun Kumar K,#f3c690
Kent Overstreet,#f5ddc0
françois romieu,#f3c58e
Stephen M. Cameron,#009688
David George,#009688
Joseph Lai,#009688
Kenneth W Chen,#f4cea2
Stefan Weinhuber,#f6ebdd
Jerry Wong,#64bdb5
Anup Patel,#f3c083
Madalin Bucur,#009688
Mitko Haralanov,#4eb5ab
Loic Poulain,#f1a852
hartleys,#009688
Carl Love,#c0e2de
Darren Hart,#f2b46a
Ira Snyder,#009688
Anuj Aggarwal,#009688
Benoit Goby,#009688
Ashish Kalra,#009688
Elina Pasheva,#ee8202
Izik Eidus,#009688
Darius Augulis,#ef9224
Evgeniy Polyakov,#f2b56e
Jakob Bornecrantz,#26a599
Jisheng Zhang,#ef9020
Jon Medhurst,#addad6
Jerry Chu,#009688
Dustin McIntire,#cde7e4
Böszörményi Zoltán,#009688
Wei WANG,#b6ddda
Jim Quinlan,#f2b56e
Enrico Mioso,#009688
Cliff Wickman,#eff4f3
Haggai Abramonvsky,#f7f5f3
Chander Kashyap,#009688
Barry Naujok,#f5d8b6
Zhangfei Gao,#5fbbb3
Matti Aaltonen,#009688
Corey Minyard,#009688
Richard Kuo,#f09f3e
Pat Gefre,#4eb5ab
Ravinandan Arakali,#009688
Michal Marek,#78c5be
Xiao Guangrong,#e7f1f0
LABBE Corentin,#f5dec3
Valentin Rothberg,#009688
remi schwartz,#f2b771
Sébastien Szymanski,#009688
Rongjun Ying,#f7f4f1
Kevin Tsai,#3eaea4
Cody P Schafer,#f5e0c7
Leif Lindholm,#e9f2f1
Yuan Kang,#f5daba
Tom Herbert,#009688
Deepthi Dharwar,#cae5e3
Alex Aizman,#009688
Boris Ostrovsky,#f2bb79
Hiroshi Doyu,#009688
Hema HK,#f3c894
Andrei Emeltchenko,#e0eeed
Howard Chen,#009688
Paul Bolle,#66beb6
Linus Torvalds,#f2b771
Bahadir Balban,#aedad6
Utz Bacher,#009688
Marek Vašut,#009688
Álvaro Fernández Rojas,#f1a54c
Ian Campbell,#f7f7f6
Mahesh Bandewar,#f6efe6
Peter Ujfalusi,#ef8f1e
Arnaud Patard,#f3c38a
Philip Avinash,#f4d3ad
Masahiro Yamada,#f2bc7b
Minchan Kim,#009688
Alex Villacís Lasso,#f5e1c9
Vladimir Barinov,#009688
Fabian Frederick,#009688
Oliver Schinagl,#f0952a
Devesh Sharma,#f2af61
Moore Eric,#bfe1de
Vlad Yasevich,#33aa9f
Chao Fu,#8bcdc6
Juha Yrjola,#009688
Daniel Wolstenholme,#7cc7c0
Petri Gynther,#009688
Andy Zhou,#009688
Ashok Raj,#009688
Liu Ying,#f3c997
Kristoffer Glembo,#009688
Pierrick Hascoet,#b6deda
Nick Kossifidis,#f6f0e8
Glauber Costa,#3eaea4
Zbynek Michl,#009688
Sandeep Nair,#f6e3ce
Roberto Vitillo,#009688
Thor Thayer,#ef9122
Konrad Rzeszutek Wilk,#69bfb7
Vegard Nossum,#8accc6
Sven Anders,#009688
Arthur Benilov,#f1a347
Sriramakrishnan Govindarajan,#009688
Alexey Kuznetsov,#009688
Richard Guy Briggs,#009688
Matthias Brugger,#009688
Greg Rose,#aedad6
Ninja Tekkaman,#f5e0c7
Don Prince,#f4d4ad
Chris R. Baugher,#7cc7c0
Binghua Duan,#009688
Daniel Laird,#a2d6d1
Kurt Robideau,#009688
Marcelo Tosatti,#009688
Simo Sorce,#f3c690
Sujith Manoharan,#c1e2df
Benjamin Gaignard,#29a69a
Eric W. Biederman,#009688
Davide Libenzi,#009688
Keiichi Kii,#34aa9f
Chandrakala Chavva,#f4cda0
Jia Hongtao,#f6ede1
Jacob Pan,#3aada2
Ken Kawasaki,#f2ba77
Pi-Cheng Chen,#dceceb
Kenneth Klette Jonassen,#009688
Melissa Howland,#f6e4cf
Yury Norov,#009688
Georges Toth,#009688
Mark Goodwin,#27a59a
Alex Tomas,#89ccc6
Scott Feldman,#f3c38a
Gary Hade,#f6ebdd
HATAYAMA Daisuke,#c4e3e0
Alexey Charkov,#009688
Hiral Patel,#7dc7c0
Hartmut Rick,#e8f1f0
Max Vozeler,#009688
Daniel J Blueman,#5ebbb2
Ville Syrjala,#6dc1b9
Sergey Ryazanov,#009688
cxie4,#89ccc6
Ping Cheng,#8ccdc7
Gwendal Grignou,#4ab3a9
Heiko Carstens,#ee8406
Sowmini Varadhan,#009688
Patrick Dreker,#009688
Raymond Tan,#009688
Nithish Mahalingam,#009688
Rom Lemarchand,#c1e2df
Hans-Jürgen Koch,#acdad5
Rafael Ignacio Zurita,#9bd3ce
Mike Kravetz,#009688
MyungJoo Ham,#dbeceb
Hyok S. Choi,#f3bf83
Keerthy,#f5e0c6
Thomas Pugliese,#64bdb5
Leela Krishna Amudala,#f4cfa3
Chris Pascoe,#009688
ashishj3,#009688
Antony Pavlov,#f7f4f1
Isaku Yamahata,#27a599
stigge@antcom.de,#009688
Wensong Zhang,#ef8b16
Bob Tracy,#7cc7c0
Colin Cross,#f4d4ad
Subhendu Sekhar Behera,#009688
Hong H. Pham,#54b7ae
Måns Rullgård,#009688
Ray Jui,#78c5be
Daniel Tang,#66beb6
Jing Min Zhao,#009688
Diego Elio Pettenò,#009688
Robert Moore,#f09b37
Mark Langsdorf,#009688
Alan Cox,#129d90
Paolo Bonzini,#56b8af
Jun Nie,#8accc6
Justin P. Mattock,#3caea3
Baruch Siach,#f3c792
David Kershner,#f3f6f5
Németh Márton,#009688
Anirudh Ghayal,#009688
Yazen Ghannam,#ef9427
Richard Henderson,#51b6ac
Doug Warzecha,#f09a34
Andrew de Quincey,#e6f0ef
Fabio Baltieri,#009688
Rasmus Villemoes,#009688
Vitaly Wool,#009688
Bruce E. Robertson,#20a396
Roopa Prabhu,#009688
Pete Zaitcev,#eaf2f1
Mike Frysinger,#f1a246
Amit Shah,#f3c996
Tanmay Inamdar,#009688
Jason Low,#009688
Alek Du,#009688
Pavel Pisa,#f1a851
Olivier Grenie,#31a99e
David McCullough,#c2e2df
Terje Bergstrom,#6ac0b8
Peter Popovec,#f4d4ad
Ali Bahar,#d4e9e7
Peter Hsiang,#009688
Suresh B. Siddha,#f09f3e
James Hsiao,#f5e1c9
Irina Tirdea,#f5e3cd
Albin Tonnerre,#009688
Erik Andren,#a4d6d2
Krishna Gudipati,#f0f4f4
Srikanth Thokala,#009688
Zi Shen Lim,#f4d4af
Roger Chen,#009688
Jean-Baptiste Theou,#009688
Amit Daniel Kachhap,#f0972e
Dmitry Artamonow,#009688
Simon Kagstrom,#009688
Dan Williams,#f0972d
Alex Zeffertt,#f0962d
Ilia Mirkin,#95d1cb
Richard Russon,#009688
Alexey Starikovskiy,#f4cc9d
Dean Anderson,#6dc1b9
Herbert Xu,#009688
Cho Yu-Chen,#f3c48b
Marek,#f2bb79
David Glance,#f5dec3
dann frazier,#009688
Pavan Savoy,#f6e9da
Daniel Thompson,#8ccdc7
Josef Jeff Sipek,#009688
sandeen@sandeen.net,#f2b062
David Barksdale,#28a69a
Glenn Griffin,#009688
Max Filippov,#23a498
Zhu Qingsen,#f1ad5b
Christoph Rohland,#009688
Jay Vosburgh,#cae5e3
Mark Charlebois,#009688
Fang Yang A,#93d0ca
Alvaro Neira,#b3dcd9
Andreas Eversberg,#7fc8c1
Scott_Kilau@digi.com,#d0e7e5
Lorenzo Bianconi,#d4e9e7
Matthias Schwarzott,#f5d7b3
YoungJun Cho,#f4d2a9
Hui Wang,#46b1a7
Nathan Scott,#f6eadc
Austin Zhang,#85cac4
Hari Bathini,#009688
Joachim Fritschi,#f6eadb
Leon Romanovsky,#009688
Jakob Haufe,#f2f5f5
Vaidyanathan Srinivasan,#f5ddc1
Punit Agrawal,#009688
Fernando Luis Vázquez Cao,#009688
Thomas Chou,#009688
Ryan S. Arnold,#f5dec3
Bengt Jonsson,#f09830
Shinya Kuribayashi,#2fa89d
Richard Zhao,#009688
Piotr Haber,#b4ddd9
Pavel Shilovsky,#f4c997
Sascha Hauer,#36aba0
Keith M. Wesolowski,#f4d0a5
Philippe Gerum,#1da195
Miguel Ojeda Sandonis,#009688
Thomas Falcon,#f5dbbc
YOSHIFUJI Hideaki / 吉藤英明,#009688
Artem B. Bityutskiy,#f0972e
Abraham Arce,#009688
Radha Mohan Chintakuntla,#9cd3ce
Tan Swee Heng,#cee7e4
Chen Liqin,#addad6
Huang Ying,#c3e3e0
Michael Halcrow,#57b8af
Ville Nuorvala,#009688
Adam Jackson,#009688
Vipin Kumar,#50b5ac
Mark Gross,#78c5be
Mark Maule,#55b7ae
Herbert Poetzl,#009688
Kevin Wells,#009688
Jeff Mahoney,#64bdb5
Rashika Kheria,#009688
Kirk Lapray,#009688
Dreyfuss Haim,#009688
Shadi Ammouri,#009688
Paul Gortmaker,#009688
Kai Germaschewski,#009688
Yu Ke,#1fa296
Vijaya Kumar K,#159e92
Ishizaki Kou,#7fc8c1
Li Aubrey,#009688
Mark F. Brown,#a5d7d2
Dipankar Sarma,#009688
Sage Ahn,#f6e5d2
Sonny Rao,#009688
Anatolij Gustschin,#55b7ae
Filipe Manana,#5cbab1
John Bonesio,#d9ebe9
Bala Shanmugam,#f4cfa3
Sebastian Hahn,#f4cd9f
Jeff Layton,#f5e2cb
Nitin Gupta,#f1a954
Jay Estabrook,#e8f1f0
Michal Schmidt,#009688
Scott Murray,#30a99d
Grant Erickson,#e6f0ef
Tien Hock Loh,#009688
Andrew G. Morgan,#009688
Valentin Raevsky,#009688
Roger Tseng,#f4cfa4
Lawrence Yu,#009688
Ben Fennema,#f4d3ac
Justin T. Gibbs,#f7f7f7
David Hildenbrand,#f2ba78
Zhang Jiejing,#009688
Shimoda Yoshihiro,#009688
Jungseung Lee,#009688
Jan Willeke,#009688
Bruno Randolf,#009688
Zhang Rui,#f2b975
George McCollister,#009688
FUJITA Tomonori,#009688
Donggeun Kim,#009688
Virupax Sadashivpetimath,#009688
Tim Chen,#f3be7f
Maksim Krasnyanskiy,#49b3a9
Kylene Hall,#30a99e
AKASHI Takahiro,#009688
Wan ZongShun,#8fcec8
Rafa Bilski,#f09b37
Victor Kamensky,#009688
Herbert Valerio Riedel,#009688
Todd E. Johnson,#f5d7b4
Joe Liccese,#ef8b15
Eddie Dong,#f7f4f1
Christoph Hellwig,#ef8810
Alim Akhtar,#f3c185
Stef van Os,#7cc7c0
Michael Chan,#ef8c16
Richard Fitzgerald,#7cc7c0
Pritesh Raithatha,#009688
chas williams - CONTRACTOR,#f7f5f3
strnape1@fel.cvut.cz,#22a397
Ben Skeggs,#25a599
David Altobelli,#45b1a7
Liu Jinsong,#b4ddd9
linus1,#f7f6f4
Alexander Graf,#57b8af
Luca Barbieri,#009688
Luciano Coelho,#d2e9e6
David Ruggiero,#009688
Thomas Gleixner,#ddedeb
Thomas Mair,#009688
Kyungmin Park,#f7f7f6
Michael Grzeschik,#f5d8b5
Marton Nemeth,#9ed4cf
Michael Hanselmann,#009688
Alan Nisota,#dfeeec
Stefan Agner,#009688
Henrik Rydberg,#ef8e1a
Jeff Garzik,#f09d3b
Jing Huang,#f2b872
John L. Hammond,#5fbbb3
Vishwanath Sripathy,#009688
Nicolas DET,#ef9223
Himangi Saraogi,#69bfb7
Christian Krafft,#009688
Wei Ni,#ef9429
Atul Deshmukh,#8dcdc7
Bjorn Andersson,#2fa89d
Alexander Boyko,#9ad3cd
Francisco Jerez,#45b1a7
Sahara,#009688
Santosh Shilimkar,#f3c894
Franck Bui-Huu,#20a296
Steffen Persvold,#c4e3e0
Fabien Marteau,#d9ebe9
Craig Shelley,#009688
Lars Ellenberg,#009688
Will Drewry,#9cd3ce
Dimitri Sivanich,#f5f6f6
Frank Blaschka,#c0e1de
Colin McCabe,#f3f6f5
Linas Vepstas,#ef9121
malattia@linux.it,#009688
EGRY Gabor,#009688
Vincent Cuissard,#b4ddd9
Russell King - ARM Linux,#f1ad5c
Mac Michaels,#009688
Sergio Aguirre,#73c3bc
Semen Protsenko,#d9ebea
Adheer Chandravanshi,#f5d8b7
Carl Lundqvist,#f0a144
Joel Becker,#f1a54b
Laurent Cans,#009688
Andiry Xu,#2ba79b
Wei Yan,#009688
TripleX Chung,#f5d7b3
Ley Foon Tan,#f6e4d0
Kyle Moffett,#009688
Mariusz Bialonczyk,#f4cd9f
Abhishek Kulkarni,#4cb4aa
Rayagond Kokatanur,#f4c997
Lee Jones,#28a69a
Eric Sandeen,#009688
Stewart Smith,#afdbd7
Tekkaman Ninja,#f1a54b
Emilio López,#5ab9b1
John Calixto,#69bfb7
Juan J. Garcia de Soria,#4fb5ab
wanzongshun,#f1a64d
Benjamin Poirier,#a8d8d3
Erin Lo,#009688
Brian Norris,#6abfb7
Matan Barak,#009688
Xander Huff,#f4d5b0
Tony Olech,#f4ca9a
Mika Kuoppala,#f6eee4
Haifeng Yan,#009688
Phoebe Buckheister,#f09e3c
Bradley Hughes,#009688
Liam Girdwood,#f6f0e8
Simon Budig,#009688
Haavard Skinnemoen,#b0dbd7
Tomas Pop,#009688
Pallipadi Venkatesh,#36aba0
René Moll,#f1a245
jianwei wang,#f5d9b8
David Box,#009688
Olli Salonen,#009688
Lew Glendenning,#f4d3ac
Dustin Byford,#43b0a6
Shubhrajyoti D,#f5dbbd
Jorge Boncompte [DTI2],#009688
Mathieu J. Poirier,#009688
Prakash Sathya,#f2b874
Alex Chiang,#a1d5d1
Andrew Andrianov,#009688
Mitsuru Kanda,#009688
Pantelis Antoniou,#6ac0b8
Dan Aloni,#009688
Matthew Vick,#6ac0b8
Armin Schindler,#b3dcd9
Uwe Bugla,#f09830
Jaswinder Singh Rajput,#f2bb7a
Markus Stockhausen,#f1ac59
Kees Cook,#009688
Bard Liao,#f1ad5d
Xing Wei,#f1aa55
Jorn Engel,#7dc7c0
Uwe Kleine-Koenig,#009688
Pawel Moll,#f4d2aa
Sergey Senozhatsky,#009688
Jan Engelhardt,#f1a44a
Insop Song,#ef8f1d
Márton Németh,#f5e1c9
Takashi YOSHII,#f3c691
Stephane Eranian,#f5dbbc
Lukasz Majewski,#009688
Zhaolei,#009688
Tom Zanussi,#189f93
Martin Rubli,#f6ebdd
Andre B. Oliveira,#f2f5f5
Tim Hockin,#009688
Neil Brown,#d3e9e7
Jaswinder Singh,#f0a143
Thomas Dahlmann,#f1aa56
Janusz Krzysztofik,#009688
Chris Zankel,#f4cc9d
Neerav Parikh,#f2b46b
Weidong Han,#009688
Sangwook Lee,#87cbc5
Harini Katakam,#009688
Martin Willi,#f2b670
Kouei Abe,#56b8af
Josh Myer,#f1ac5b
Leo Yan,#009688
Kirill Smelkov,#009688
Andrew Lewycky,#f2ba78
Antoine Ténart,#e4efee
Matthias Koenig,#f3bf82
William Lee Irwin III,#009688
Mika Westerberg,#009688
Courtney Cavin,#009688
Songmao Tian,#acdad5
Davide Rizzo,#009688
Bert Vermeulen,#009688
Will Cohen,#ef8a14
Amit S. Kale,#f1ab58
Phani Movva,#f6e4cf
Oscar Mateo,#f3bf82
Christopher Harvey,#f2b56d
Dexuan Cui,#f7f1e9
Stefan Rompf,#009688
Russ Gorby,#7fc8c1
Heinz Graalfs,#cbe6e3
Nadav Har'El,#5bbab1
Samuli Konttila,#009688
Marko Kohtala,#f09d3b
Bjørn Mork,#009688
Rik van Riel,#009688
Bryan Wu,#b4ddd9
John Lenz,#f6e7d5
Himanshu Madhani,#f09e3c
Tomas 'Sleep_Walker' Cech,#009688
Steve Wise,#e7f1f0
Scott Teel,#009688
Jonghwa Lee,#009688
Matthieu CASTET,#f6ebde
Kirill Korotaev,#009688
Marco Gittler,#ee8407
Marc Pignat,#009688
Dave Jiang,#f1a64c
Stephen Smalley,#58b8af
Juergen Borleis,#009688
Simone Zinanni,#85cac4
Arjan Opmeer,#f0a143
Martin Langer,#f5daba
barrios,#f1a953
Konrad Eisele,#9cd3ce
Jens Wiklander,#009688
David Ahern,#f3c083
Manu Gautam,#009688
Stephane VOLTZ,#f4d4ae
Roger Luethi,#44b1a7
Sundar R Iyer,#009688
Jonas Jensen,#009688
Vincenzo Aliberti,#ef880f
Daniel Drake,#009688
Ambresh K,#f4cd9f
Finn Thain,#009688
Marek Lindner,#6cc0b8
Pontus Fuchs,#f6e3ce
Bill Richardson,#f1a347
Mathias Nyman,#a2d6d1
Jerome Glisse,#5bbab1
Roman Zippel,#f0962d
Jacob Keller,#f3bf81
Huang Shijie,#f4d6b2
Daniel Jacobowitz,#009688
Helge Deller,#52b6ad
Tejun Heo,#149e91
Jin Park,#009688
Lucas Stach,#009688
Erik Andrén,#f1f4f4
Jeremy Roberson,#f0962d
Eugene Krasnikov,#63bdb5
Baruch Even,#009688
Vincent Donnefort,#009688
Ben Williamson,#009688
Roy Spliet,#f2b267
Andreas Faerber,#009688
Peer Chen,#ee8509
Maruthi Srinivas Bayyavarapu,#f5dcbf
Ido Shamay,#b7deda
Kazunori Miyazawa,#009688
Erez Zadok,#009688
Sedji Gaouaou,#30a99e
Bernd Schmidt,#3caea3
Matias Bjorling,#72c3bb
Tino Reichardt,#f7f1ea
Jongpill Lee,#f2b369
Hans de Goede,#f6eadc
Ramiro Morales,#a8d8d4
Peter Holik,#009688
Maxim Mikityanskiy,#009688
Peter Zijlstra,#addad6
David Vrabel,#7ec8c1
Dave Boutcher,#f2b670
Allen Hubbe,#f7f2ec
Koen Kooi,#009688
Alex Elder,#39aca1
nibble.max,#f6e5d2
Bart De Schuymer,#c7e4e2
Kuo-lang Tseng,#3bada3
Steven Toth,#f2ba77
Hugo Villeneuve,#009688
Benjamin Cama,#009688
Vincent Sanders,#009688
Akhil Bhansali,#f6ece1
Miguel Gaio,#009688
Mark Einon,#0a9a8c
Juston Li,#31a99e
Jeremy McNicoll,#009688
Abhijit Pagare,#009688
Cruz Julian Bishop,#f1af5f
Padmavathi Venna,#009688
Pratyush Anand,#009688
Dimitris Papastamos,#f2b36a
David Daney,#009688
Alain Degreffe,#f0f4f4
Christoph Mair,#009688
Zhou Wang,#ee8202
David Griego,#f6ece0
Alex Williamson,#6dc1b9
Rene Bolldorf,#3aada2
Angelo P. Castellani,#009688
Maximilian Schneider,#ef8e1b
Marc St-Jean,#60bcb3
Mohammed Shafi Shajakhan,#07998b
Daniel Vecino Castel,#009688
Adrian Alonso,#009688
Xia Kaixu,#009688
Kashyap Desai,#28a69a
Hans Ulli Kroll,#bde0dd
Casey Schaufler,#109c8f
Erwan Yvin,#009688
Yunzhi Li,#f3be81
Cory Maccarrone,#009688
Ebru Akagunduz,#009688
Jean-Christop PLAGNIOL-VILLARD,#009688
Luca Ellero,#a6d7d3
Aida Mynzhasova,#009688
Aloisio Almeida Jr,#f4d2a9
Alex Deucher,#7bc6bf
Jamal Hadi Salim,#f09b36
Eric Andersson,#94d0cb
James Hartley,#46b1a7
Vadim V. Vlasov,#009688
Heiner Kallweit,#26a599
Dale Farnsworth,#4cb4aa
Arnaud Giersch,#f3c895
Alex Gershgorin,#ef8a13
Frank Li,#bbe0dc
Peter Chubb,#009688
Srikar Dronamraju,#ef9122
Shailabh Nagar,#129d90
Sudeep Holla,#f0f4f4
Jonathan Austin,#a5d7d2
Andy Walls,#f4cea1
Sujith,#57b8af
Milton Miller,#f2b670
Paul Zimmerman,#b6ddda
Benoit Cousson,#f4d5af
Stéphane Marchesin,#82c9c2
Ben Widawsky,#f4ca99
Mike Snitzer,#009688
Venkat Yekkirala,#009688
David E. Box,#009688
Takao Indoh,#009688
Chris Snook,#009688
Peter Meerwald,#f1a954
Mark Brown,#bde0dd
Josef 'Jeff' Sipek,#009688
Lars Poeschel,#009688
Neel Patel,#f3c083
Vytas Dauksa,#ef9224
Paul Parsons,#009688
Joonsoo Kim,#009688
ZhengShunQian,#b7deda
David Brown,#6dc1b9
Kamal Dasu,#009688
Michael Schimek,#009688
Libin Yang,#f3c389
Li Yang,#ef8a13
Alex Dai,#009688
Sinclair Yeh,#1ea295
Dave Martin,#55b7ae
Zhu Lejun,#009688
Guy Mishol,#ef9121
WingMan Kwok,#e4efee
Soeren Moch,#009688
Harry Ciao,#f2b770
Elen Song,#009688
Graf Yang,#58b8af
Bernd Krumboeck,#c8e4e2
James Courtier-Dutton,#ef8810
Tony Lu,#daecea
Yingjoe Chen,#eff4f3
Mark Fasheh,#009688
Ander Conselvan de Oliveira,#f09a34
Matthew Ranostay,#ee8202
Viresh Kumar,#009688
Jiang Liu,#b1dbd7
Iwo Mergler,#dceceb
Hans-Joachim Picht,#1fa296
Lars-Peter Clausen,#f1a449
Dudley Du,#7fc8c1
Antoine Jacquet,#009688
Sanchayan Maity,#009688
Jelle de Jong,#009688
Nolan Leake,#f4cc9e
Michael Walle,#009688
Jonas Gorski,#ef8911
Anand Moon,#009688
Josenivaldo Benito Junior,#009688
Sam bobroff,#7dc7c0
Kaz Kojima,#eaf2f1
Andre Przywara,#ef9427
Serge E. Hallyn,#009688
Bob Rodgers,#009688
Bayi Cheng,#f6e4d0
Kan-Ru Chen,#009688
Harry Wei,#f0972f
Michel von Czettritz,#f4d5b1
Andrzej Zaborowski,#009688
Jan Kara,#009688
Xuelin Shi,#009688
Dezhong Diao,#009688
Steve Longerbeam,#6bc0b8
Neelesh Gupta,#009688
Jakub Jelinek,#009688
Jay Fenlason Stefan Richter,#ef8a13
Andrew Jones,#009688
Naveen Krishna,#009688
Stepan Moskovchenko,#009688
Michael Grundy,#47b2a8
Catherine Sullivan,#ee8304
Marco Aurelio da Costa,#009688
Lin Yongting,#f7f4f0
Forest Bond,#ef8b15
Thibaut Varene,#009688
Alex Hung,#009688
nir.tzachar@gmail.com,#65beb6
Samuel Pitoiset,#0a9a8c
Jonas Aaberg,#009688
Oliver Pinter,#4bb3aa
Robin Murphy,#d2e9e6
Jan Blunck,#009688
Bin Zhou,#009688
Christian Glindkamp,#009688
frans,#f6e7d6
Maxime Coquelin,#f2b46b
Bastian Hecht,#009688
Leonid V. Fedorenchik,#169e92
Chen Yu,#009688
Latchesar Ionkov,#3daea4
Thomas Petazzoni,#42b0a6
Todd Fischer,#009688
Wu Fengguang,#009688
Adam Baker,#f09e3d
Guo Zeng,#009688
Stefan Richter,#f4d6b2
Tuomas Tynkkynen,#45b1a7
Yauhen Kharuzhy,#f1a852
Gyungoh Yoo,#74c4bc
Arnaldo Carvalho de Melo,#f2b266
Roy Zang,#009688
Piotr Ziecik,#009688
chandramouli narayanan,#79c5be
Peter W Morreale,#ef8910
Sathya Perla,#009688
Seungwon Jeon,#87cbc5
Chaotian Jing,#f5d7b3
Michael Downey,#85cac4
Andrey Moiseev,#d2e9e6
Mark Rustad,#f2b874
Yaniv Rosner,#f0972f
Olav Kongas,#009688
Jens Axboe,#009688
Jay Lan,#009688
Thomas Maier,#e6f0ef
Rob Radez,#ee860a
Jammy Zhou,#72c3bb
Jonas Bonn,#f7f5f4
Chan Jeong,#64bdb5
Jon Ringle,#f5ddc1
Vivek Gautam,#009688
Bryan O'Sullivan,#ee870d
Martin Bugge,#009688
Markus Pargmann,#009688
Chris Verges,#3caea3
Markus Heidelberg,#f2bb7a
Richard Walmsley,#009688
Daniel Hellstrom,#009688
Gennady Sharapov,#18a093
Jean Pihet,#f5e2ca
Mars Cheng,#f7f2ec
Mark Asselstine,#78c5be
Grant Grundler,#009688
Maxime Hadjinlian,#009688
Li Wei,#ebf2f2
Henk Vergonet,#61bcb4
Alexander Stein,#009688
Gregory Bean,#f3c083
Andrei Konovalov,#009688
Peter Zijlstra (Intel),#009688
Subbaraya Sundeep Bhatta,#f3c185
Christopher Covington,#009688
Al Viro,#bbdfdc
Stephen Barber,#009688
Ramkumar Ramachandra,#2da89c
Patil Rachna,#009688
Tej Parkash,#6ac0b8
Andrey Smetanin,#27a59a
Oleg Drokin,#f2b46a
Terry Junge,#009688
KY Srinivasan,#45b1a7
Leonidas S. Barbosa,#36aba0
Manuel Francisco Naranjo,#009688
Evgeny Pinchuk,#f5ddc0
Stefan Lucke,#009688
Tan Raymond,#009688
Steve Capper,#f4f6f6
Goto Masanori,#009688
Charles Clément,#f2af61
Viktor Radnai,#f4ca9a
Benoit Masson,#009688
Andy Henroid,#afdbd6
Marc Zyngier,#ef9121
Mark Godfrey,#009688
Misael Lopez Cruz,#009688
Martin Waitz,#009688
Pam Delaney,#0f9c8f
Duane Griffin,#f4d5af
Nishanth Menon,#ef880e
alex.bluesman.smirnov@gmail.com,#ef8d19
johnnyhsu@realtek.com,#67bfb6
Michael Ellerman,#40afa5
Marcel Selhorst,#f4cfa4
Gregory Haskins,#c6e4e1
Ralph Metzler,#f09830
Kyle Strickland,#5bbab1
Alexander Bondar,#f5e0c7
Ryusuke Sakato,#f2b46b
David Rowe,#009688
Akshay Bhat,#009688
Wei Yang,#2da89c
João Paulo Rechi Vita,#009688
Matthew Wilcox,#f4d4ae
Peter Foley,#3aada2
Christian Borntraeger,#009688
Gerd Knorr,#f5d7b4
Vincent Guittot,#009688
Ulrich Hecht,#009688
Filippo Arcidiacono,#009688
Shachar Raindel,#f6ece0
James Cleverdon,#f6e5d1
Dave Peverley,#009688
Jiri Prchal,#009688
Maciej S. Szmigiero,#009688
Sachin Bhamare,#f6e3ce
Risto Suominen,#3daea3
Christian Pellegrin,#009688
Jan-Bernd Themann,#c1e2df
Ulf Hansson,#f2b874
Vitaly Bordug,#6bc0b8
Oleksandr Kravchenko,#e5f0ef
Mikko Perttunen,#ef8d1a
Anatol Pomozov,#f1a74f
Alexander Shiyan,#009688
Shikha Singh,#3aada2
Igal Liberman,#36aba0
Srinivas KANDAGATLA,#009688
Fariya Fatima,#f5dfc5
Mingkai Hu,#b3dcd8
Brian Murphy,#2fa89d
Bart Samwel,#37aca1
George Spelvin,#009688
Rafael J. Wysocki,#a3d6d1
Marian Balakowicz,#009688
Stephen Lord,#f2b266
Martin Josefsson,#f3bc7d
Denis 'GNUtoo' Carikli,#009688
S Twiss,#83c9c3
Beniamino Galvani,#009688
Mario Kicherer,#f09e3d
Srinivas Pandruvada,#98d2cc
Roberto Sassu,#98d2cc
Terry Lam,#63bdb4
Mike Christie,#85cac4
Perceval Anichini,#009688
Simon Kelley,#f3c996
Paul Burton,#55b7ae
Oliver Schuster,#169f92
xeb@mail.ru,#d1e8e6
Ma Ling,#ef9428
James Nelson,#ee8203
Thierry Reding,#f5e2ca
Archit Taneja,#c4e3e0
wu guoxing,#009688
Zhizhou Zhang,#b6ddda
Zhang Zhen,#f6ece0
Chris Adams,#ee8202
Jeb J. Cramer,#c9e5e2
Sujit Reddy Thumma,#8ccdc7
Antoine Tenart,#69bfb7
Todd Brandt,#9cd3ce
Stephen Gallimore,#f2af61
Chase Southwood,#ef9122
Kai Svahn,#009688
Claudiu Zissulescu,#cfe7e5
Jacob Shin,#009688
Jelle van der Waa,#009688
Marc Carino,#ef8c18
Sandeep Paulraj,#009688
Roderick Colenbrander,#009688
Robert Nelson,#009688
Arnd Bergmann,#ef8a13
Jan III Sobieski,#009688
Artem Bityutskiy,#f1a852
Peng Tao,#7ac6bf
Albert Herranz,#f4cb9c
Noriaki TAKAMIYA,#009688
Peter Gruber,#d7ebe9
Antonio Quartulli,#c2e2df
AceLan Kao,#009688
Corentin Labbe,#009688
Per Dalén,#009688
TripleX,#abd9d5
Lisa Du,#f1a348
zhichang.yuan,#ecf3f2
Khalid Aziz,#009688
Michel Pollet,#67beb6
Laszlo Ersek,#009688
Kylene Jo Hall,#ee860a
Sunil Mushran,#f1ad5d
Christian Daudt,#009688
Ryusuke Konishi,#f5dec2
Vakul Garg,#009688
Brian Johnson,#c5e3e0
Senthil Balasubramanian,#37aba1
Thiemo Seufer,#7ac6bf
Stephen Warren,#f7f7f6
Jett.Zhou,#f3c084
Punnaiah Choudary Kalluri,#009688
Robert Richter,#f6ebdd
Ruud Derwig,#a2d6d1
Steven Haigh,#f3c793
Miklos Szeredi,#f5e1c8
Bob Nelson,#ef9429
Nicolas Kaiser,#009688
Kevin Cernekee,#f3c38b
Sri Jayaramappa,#51b6ac
Alessio Igor Bogani,#009688
Daisuke HATAYAMA,#f5e3cd
Eric Wollesen,#0b9a8d
Rene Buergel,#009688
Jitendra Kumar Khasdev,#009688
Greg Thelen,#009688
Adriana Reus,#67beb6
Philipp Hachtmann,#f6e7d5
Andrea Righi,#009688
James Solner,#009688
Max Krasnyansky,#009688
Marcelo Ricardo Leitner,#009688
Chung-Ling Tang,#f3bf81
Axel Lin,#009688
Gary Stein,#009688
ludovic.desroches@atmel.com,#009688
Zhang Yanmin,#eff4f3
Colin Tuckley,#f5dbbd
Steffen Klassert,#e9f1f1
Andy Isaacson,#d4e9e7
Paul Serice,#f2b368
René Herman,#e0eeed
Jean Delvare,#c9e5e2
Andreas Färber,#009688
Richard Weinberger,#ee8101
Eric Huang,#2ba79b
Olliver Schinagl,#009688
Rodolfo Giometti,#e1eeed
Margit Schubert-While,#f3bf82
Tony Breeds,#009688
Rohit Ainapure,#f0972e
Raghavendra K T,#b8dedb
Chase Douglas,#2aa79b
Juuso Oikarinen,#c7e4e1
Yong Yao,#009688
Tony Prisk,#009688
Rajesh Borundia,#f09932
Vasant Hegde,#f5dec2
Hector Martin,#f7f3ee
Jandy Gou,#ee8406
Roger Quadros,#009688
Jesper Juhl,#a7d8d3
Sage Weil,#f4cc9d
Thomas Niederprüm,#51b6ac
srinidhi kasagar,#f5dabb
Arun Easi,#f4d6b1
Andreas Gröger,#f6e4cf
Tristan Schmelcher,#26a599
Heikki Krogerus,#43b0a6
Chas Williams,#009688
Gary Bisson,#009688
Todd E Brandt,#dbecea
Klaus Schwarzkopf,#2fa99d
KV Sujith,#009688
Jesse Barnes,#1ba194
Aaron Durbin,#009688
David Mosberger-Tang,#009688
Darbha Sriharsha,#f7f6f4
Adrian Bunk,#009688
Frantisek Hrbata,#f4ca99
John Johansen,#f2b66e
Damien.Horsley,#f5dec3
Li Xi,#f5e2cb
John Reiser,#009688
Andres More,#f09831
Guoqing Jiang,#009688
Pavel Cheblakov,#f4d6b2
Jozsef Kadlecsik,#f4d1a8
Pavel Fedin,#009688
Zefir Kurtisi,#009688
Zeng Zhaoming,#009688
Mike Marciniszyn,#f4cb9a
Ashwini Pahuja,#26a599
Matthias Klein,#009688
Ying Xue,#3daea3
Patrick Caulfield,#ef8910
YOSHIFUJI Hideaki,#f4c997
Barak Witkowski,#ef8c16
David Kilroy,#f1aa55
Gaël PORTAY,#009688
Martin Schiller,#009688
Lior Amsalem,#009688
Tomi Orava,#ef880f
Dan Streetman,#f3c792
Adam Lackorzynski,#009688
Mark Yao,#ee8406
Krzysztof Hałasa,#f2bc7b
Ramkrishna Vepa,#ef9326
Markus Franke,#f2b975
Narsimhulu Musini,#77c5be
Hubert Feurstein,#f3bf82
Tsugikazu Shibata,#9cd3ce
Jon Brenner,#f0a041
Sylver Bruneau,#dceceb
Chunming Zhou,#37aca1
Tanmay Upadhyay,#dfeeec
Kamil Debski,#009688
Arnaud Ebalard,#009688
Thomas Kleffel,#cde6e4
David Sharp,#f09932
Lubomir Rintel,#1ba194
Bharat Bhushan,#c9e5e2
Thibault LE MEUR,#6ac0b8
Peter Robinson,#009688
Benjamin Collins,#f7f3ee
Tim Schendekehl,#009688
Wyatt Banks,#009688
Claudio Scordino,#e3efee
Michael Jones,#009688
Mukesh Rathor,#4ab3a9
Lei Wen,#009688
Shirish Pargaonkar,#f4cd9e
Yong Wang,#009688
Yalin Wang,#009688
Frederic LAMBERT,#f09e3e
apatard@mandriva.com,#f1aa55
James Bottomley,#ee860a
Valdis Kletnieks,#009688
Sudeep Dutt,#f6f0e7
Mattia Dongili,#f6eee4
Hemant Pedanekar,#009688
Manfred Spraul,#2fa89d
Raducu Deaconu,#39aca1
Fabio Belavenuto,#f3c288
Kenan Esau,#009688
Toshiaki Makita,#009688
Christian Lamparter,#f6e8d8
Mike Rapoport,#009688
Chee Nouk Phoon,#6bc0b8
Torez Smith,#009688
Bruce Allan,#f2b873
Feng-Hsin Chiang,#eaf2f1
Greg Banks,#f6e6d3
Clifton Barnes,#f3c186
Javier Herrero,#96d1cc
Zou Nan hai,#c3e3e0
Will Deacon,#56b8af
Mac Lin,#92cfca
Andrea Paterniani,#009688
Ian Minett,#f3c289
Andrew Jackson,#009688
Wong Hoi Sing Edison,#009688
Darrick J. Wong,#f2bc7a
Wey-Yi Guy,#aad9d4
Ilya Yanok,#009688
Aravind Ganesan,#f5d9b8
akpm@osdl.org,#bce0dd
Dan Christian,#aad9d4
Kuppuswamy Sathyanarayanan,#f4cea0
Naresh Kamboju,#76c4bd
Angelo Compagnucci,#b7deda
Roman Volkov,#dceceb
Chaithrika U S,#009688
Pavankumar Kondeti,#009688
Andrzej Pietrasiewicz,#09998c
Kim B. Heino,#009688
Paulo Marques,#009688
Ludwig Nussel,#009688
Mark Nutter,#f2bc7b
Chris Schlund,#009688
Roy Huang,#b5ddda
Giridhar Malavali,#c0e1de
Abhishek Sagar,#009688
Mitch Williams,#19a093
Torsten Schenk,#f3c894
Nickolay V. Shmyrev,#64bdb5
Sreedhara DS,#009688
Cristian Birsan,#ee8304
Janne Grunau,#f1ae5e
Simon Wunderlich,#51b6ac
Martin Hundebøll,#96d1cb
Christopher Yeoh,#009688
Jean-François Dagenais,#009688
David Spinadel,#ef8910
Jason Cooper,#009688
Carlos Corbacho,#f6e8d9
Uri Mashiach,#009688
Minkyu Kang,#009688
Joshua Clayton,#009688
Harsha Priya,#05988a
Stefani Seibold,#009688
Suzuki Poulose,#009688
Edwin Peer,#aad9d4
Ming Lei,#009688
Keshavamurthy Anil S,#009688
Florian Fainelli,#f1aa56
Martin Habets,#5dbab2
Dmitry Monakhov,#f5dfc6
Lars Kotthoff,#009688
Anant Gole,#34aa9f
Narendra K,#009688
Luben Tuikov,#f3c894
Hye-Shik Chang,#009688
Omar Sandoval,#f6ede2
Charles Spirakis,#f6e4cf
Ashley Lai,#60bcb3
Johannes Berg,#66beb6
Dan Haab,#009688
Michal Sojka,#f6e6d3
Leo Kim,#f4cda0
Boojin Kim,#70c2ba
Ramax Lo,#f3c58f
Cesar Eduardo Barros,#009688
Ahmed S. Darwish,#8ecec8
Hillf Danton,#3eaea4
Dong Aisheng,#f5d7b5
Apelete Seketeli,#f09e3d
Hyungwon Hwang,#cce6e4
Ashwini Ghuge,#009688
Tom Harwood,#009688
James Chapman,#ef8b14
Terry Lambert,#009688
Pranith Kumar,#f09c38
Wang Dongsheng,#009688
Mugunthan V N,#f2bc7b
Andrew Morton,#41b0a5
Karen Xie,#009688
Cyrill Gorcunov,#009688
Matthew Tyler,#5fbbb3
Benjamin Li,#009688
Julian Andres Klode,#9cd3ce
Atul Dahiya,#009688
Karicheri Muralidharan,#f3c996
Patrick Boettcher,#d4e9e7
Alex Villac�s Lasso,#f2b36a
David L Stevens,#f1a54c
bjschuma@gmail.com,#009688
Scott Kanowitz,#009688
Joe Eykholt,#f5d7b3
Arthur Othieno,#f2b975
Philip J Kelleher,#cbe6e3
David S. Miller,#009688
Bart Tanghe,#f2ba78
Nikita Kiryanov,#009688
Haijun.Zhang,#009688
Stas Sergeev,#f6ebde
Zidan Wang,#009688
James Yonan,#009688
Greg Donald,#ef9122
Lee Chun-Yi,#f5e0c6
Samuel Thibault,#cce6e4
Glauber de Oliveira Costa,#009688
jdl@freescale.com,#009688
Benny Halevy,#f0972f
Ajay Kumar,#29a69a
Kiran Divekar,#ee8406
Mike Looijmans,#009688
Urs Fleisch,#009688
Rhyland Klein,#f0f4f4
Jonas Larsson,#a6d7d3
Olivia Yin,#009688
Torrey Hoffman,#ef9428
Daniel Wagner,#ef9325
Yasunori Goto,#009688
Jon Grimm,#5ebbb2
Ronald Bultje,#98d2cc
Laurent Vivier,#009688
Andrey Borzenkov,#6fc1ba
Alexander Kurz,#109c8f
Suraj Sumangala,#ef8f1c
Phil Edworthy,#06998b
Vipul Pandya,#f7f4f1
Kimio Suganuma,#009688
Rob Herring,#ef8911
Tadeusz Struk,#f0a042
James Ketrenos,#ee860b
Dmitry Khromov,#f1a750
Sean MacLennan,#f2f5f5
Alexander van Heukelum,#009688
Robert Butora,#6ac0b8
Luca Tettamanti,#f4cfa3
Rasesh Mody,#f1aa56
Erich Chen,#96d1cb
Luis Alves,#96d1cc
Martin Samuelsson,#009688
Selvin Xavier,#69bfb7
Michael Ernst,#93d0ca
Matthew Dharm,#f0f4f4
Matthijs Kooijman,#009688
Igor Mammedov,#77c5bd
Michal Kazior,#f6e8d8
chetan loke,#009688
Adam Sampson,#009688
Pablo Neira Ayuso,#a0d5d0
Zain Wang,#009688
Ricard Wanderlof,#009688
Bamvor Jian Zhang,#7ac6bf
Sergei Shtylyov,#b7deda
Anjali Singhai Jain,#8fcec8
Karol Lewandowski,#48b2a9
Ingi Kim,#c7e4e1
Alex Bennée,#cde7e4
Anton Blanchard,#f4d1a7
Paul Mackerras,#e2efee
Hisashi Nakamura,#f1a245
Bhanu Prakash Gollapudi,#009688
Bernardo Innocenti,#009688
InKi Dae,#71c2bb
Marius B. Kotsbak,#009688
Marek Belisko,#009688
Amit Kucheria,#009688
Choi David,#62bdb4
Qipeng Zha,#009688
Ollie Wild,#009688
Richard Hirst,#009688
Gerhard Bertelsmann,#f2b062
David Teigland,#4fb5ab
Tatyana Nikolova,#3daea3
Jesper Nilsson,#f4cb9b
Rafael Aquini,#009688
Jan Steinhoff,#38aca1
Chris Wright,#009688
Xin Long,#cfe7e5
Rudolf Marek,#f6e7d6
Cai Zhiyong,#009688
Jrgen Schindele,#009688
Fabio Porcedda,#009688
Dan Magenheimer,#83c9c3
Rick Koch,#ee870c
Mikael Pettersson,#f5d9b7
Ville Syrjälä,#b4ddd9
Ricardo Neri,#009688
Li Zhong,#f2b368
David Härdeman,#f2af60
Joe Perches,#7fc8c1
Vinayak Kale,#f2b771
Bintian Wang,#009688
Maxime Bizon,#2da89c
Sergey Matyukevich,#009688
Tom Gundersen,#f4d2a9
Jaecheol Lee,#ef8c17
Jordan Crouse,#f5d9b8
Afzal Mohammed,#36aba0
Mark Jackson,#f7f4f0
Gerald Schaefer,#f09831
Alex Smith,#f5dabb
Lee Schermerhorn,#009688
Eli Billauer,#19a093
Gerrit Renker,#50b5ac
Tero Jaasko,#009688
Cliff Cai,#009688
Hartley Sweeten,#ef901f
Jan Kiszka,#009688
Huang Lin,#009688
Sean Paul,#96d1cb
Nicholas Bellinger,#009688
Chanwoo Choi,#f1ae5e
Peter Hung,#009688
Wade Farnsworth,#009688
Bruno Prémont,#f6eadc
Alban Bedel,#f3c58e
Zachary Amsden,#009688
Lidza Louina,#f5dab9
Alexander Aring,#009688
Marek Szyprowski,#009688
Ram Pai,#009688
Gábor Stefanik,#51b6ac
Maen Suleiman,#009688
Julia Lawall,#97d1cc
Frederic Weisbecker,#009688
Peter Hutterer,#009688
Christoph Junghans,#009688
Mark Glaisher,#f7f7f7
Gabriel FERNANDEZ,#1ba194
Rene Herman,#009688
Sekhar Nori,#79c5be
Nate Diller,#f3bf82
Gilles Gigan,#009688
Rupjyoti Sarmah,#bee1dd
Hemant Agrawal,#f6efe5
Todd Poynor,#009688
Ivan Djelic,#009688
Alfredo Jesús Delaiti,#b3dcd9
Anoop P A,#cae6e3
Jonathan McDowell,#ef9120
